,index,household_id,is_shared,council_tax,country,region,num_rooms,housing_costs,rent,is_social,household_weight
0,5,3000060,False,1396.5387156402567,SCOTLAND,2,4.0,57.0,0.0,False,26836.02500491376
1,123,3001240,False,1156.0608207144635,NI,4,5.0,100.0,0.0,False,21081.378453966227
2,135,3001360,False,2067.4844898935103,ENGLAND,11,5.0,75.0,0.0,True,11756.192128833418
3,145,3001460,False,1503.809080754653,ENGLAND,10,5.0,141.0,58.0,False,12724.79600374538
4,174,3001750,False,1127.3508182777143,ENGLAND,11,4.0,107.0,84.0,False,41611.98215553153
5,203,3002040,False,0.0,ENGLAND,7,9.0,7.0,0.0,False,21195.33185101469
6,226,3002270,False,2023.9691531018211,ENGLAND,0,4.0,137.0,0.0,False,33293.38417099351
7,232,3002330,False,1315.5799495161837,SCOTLAND,8,5.0,92.0,36.0,False,28849.20168610333
8,242,3002430,False,2067.4844898935103,ENGLAND,4,8.0,164.0,0.0,False,19486.0308952877
9,263,3002640,False,1315.5799495161837,ENGLAND,3,4.0,7.0,0.0,False,22068.9745617196
10,268,3002690,False,1691.0262274165716,ENGLAND,3,6.0,78.0,0.0,False,52779.4150662812
11,273,3002740,False,2135.2874565224215,ENGLAND,7,4.0,88.0,0.0,False,21860.060000464076
12,335,3003360,False,222.63660684120032,ENGLAND,1,5.0,15.0,0.0,False,24139.1279414334
13,341,3003420,False,2647.726086550506,SCOTLAND,1,6.0,103.0,0.0,False,31679.04437947357
14,347,3003480,False,1127.3508182777143,NI,6,5.0,62.0,0.0,False,21043.393988283402
15,378,3003790,False,0.0,ENGLAND,0,5.0,105.0,0.0,True,12629.834839538324
16,388,3003890,False,2142.067753185312,ENGLAND,5,6.0,13.0,0.0,True,26057.34345841591
17,427,3004280,False,1127.3508182777143,ENGLAND,2,5.0,13.0,0.0,False,6647.281494493855
18,451,3004520,False,1127.3508182777143,ENGLAND,10,6.0,69.0,16.0,False,15877.506655419607
19,461,3004620,False,1517.976864826366,ENGLAND,7,4.0,84.0,0.0,False,32894.547281323874
20,469,3004700,False,2819.389030270837,ENGLAND,11,8.0,70.0,86.0,True,29437.96090418707
21,494,3004950,False,1127.3508182777143,ENGLAND,4,4.0,8.0,0.0,True,20150.759044737086
22,516,3005170,False,1127.3508182777143,ENGLAND,1,7.0,262.0,117.0,False,34224.00358022265
23,536,3005370,False,1503.809080754653,ENGLAND,4,4.0,135.0,78.0,False,27937.5745097156
24,538,3005390,False,1717.550343167971,ENGLAND,6,4.0,96.0,0.0,False,36939.89287654442
25,578,3005790,False,2067.4844898935103,SCOTLAND,4,7.0,14.0,90.0,False,37262.76083484841
26,603,3006040,False,1272.3682080974597,ENGLAND,10,3.0,218.0,0.0,False,13636.423180133108
27,628,3006290,False,1503.809080754653,ENGLAND,6,4.0,69.0,0.0,False,22828.663875376038
28,657,3006580,False,0.0,ENGLAND,5,4.0,7.0,0.0,False,21309.285248063155
29,658,3006590,False,60.719074593054636,NI,6,7.0,145.0,0.0,False,25962.382294208855
30,679,3006800,False,1503.809080754653,ENGLAND,10,6.0,22.0,67.0,True,47309.652007954835
31,684,3006850,False,1315.5799495161837,ENGLAND,11,5.0,22.0,0.0,False,20397.65807167543
32,719,3007200,False,1378.3533527996367,ENGLAND,6,6.0,13.0,0.0,False,14111.229001168384
33,762,3007630,False,1127.3508182777143,ENGLAND,10,6.0,90.0,0.0,False,16143.39791519936
34,783,3007840,False,1503.809080754653,ENGLAND,2,7.0,116.0,98.0,False,31489.12205105946
35,795,3007960,False,1127.3508182777143,ENGLAND,6,10.0,92.0,0.0,False,15478.669765749975
36,805,3008060,False,1892.4111581502027,ENGLAND,11,9.0,39.0,0.0,False,34508.88707284381
37,818,3008190,False,2442.930767793898,ENGLAND,1,4.0,143.0,109.0,False,26513.157046609773
38,871,3008720,False,1684.8632413453765,WALES,6,6.0,125.0,0.0,True,4368.213553524533
39,873,3008740,False,1888.960290744164,ENGLAND,10,7.0,16.0,0.0,True,23018.58620379015
40,890,3008910,False,1691.0262274165716,ENGLAND,8,10.0,8.0,0.0,False,12496.889209648447
41,915,3009160,False,1691.0262274165716,ENGLAND,10,5.0,7.0,0.0,True,19524.015360970523
42,943,3009440,False,2145.40730228793,WALES,0,3.0,141.0,46.0,False,30330.595847733388
43,944,3009450,False,1503.809080754653,SCOTLAND,4,5.0,5.0,0.0,False,47404.61317216189
44,1033,3010340,False,0.0,ENGLAND,8,8.0,12.0,0.0,True,25145.71628202818
45,1035,3010360,False,2442.930767793898,SCOTLAND,1,4.0,8.0,0.0,True,45999.18794189747
46,1038,3010390,False,2442.930767793898,ENGLAND,2,3.0,60.0,0.0,True,15269.755204494455
47,1047,3010480,False,1127.3508182777143,ENGLAND,1,7.0,55.0,0.0,False,34983.69289387909
48,1068,3010690,False,218.58866853499669,ENGLAND,11,10.0,10.0,150.0,False,17093.009557269914
49,1104,3011050,False,1197.6837463480026,ENGLAND,3,7.0,340.0,0.0,False,24348.04250268892
50,1113,3011140,False,1503.809080754653,ENGLAND,5,5.0,258.0,0.0,False,7539.916438040173
51,1168,3011690,False,1127.3508182777143,NI,8,2.0,130.0,0.0,False,22752.694944010393
52,1192,3011930,False,1315.5799495161837,ENGLAND,6,4.0,30.0,67.0,False,22201.920191609475
53,1229,3012300,False,1345.939486812711,ENGLAND,10,5.0,220.0,0.0,True,16865.10276317298
54,1232,3012330,False,1503.809080754653,NI,11,4.0,3.0,0.0,False,22600.757081279105
55,1289,3012900,False,1127.3508182777143,ENGLAND,10,3.0,39.0,0.0,True,25430.59977464935
56,1303,3013040,False,1503.809080754653,ENGLAND,10,4.0,20.0,0.0,False,34318.9647444297
57,1309,3013100,False,1315.5799495161837,ENGLAND,3,6.0,191.0,0.0,False,30862.378367292895
58,1322,3013230,False,1503.809080754653,ENGLAND,7,3.0,88.0,150.0,False,30311.603614891977
59,1339,3013400,False,0.0,WALES,3,7.0,55.0,0.0,False,29267.03080861437
60,1364,3013650,False,891.3661348718075,ENGLAND,8,5.0,110.0,0.0,False,13959.291138437095
61,1386,3013870,False,1315.5799495161837,NI,10,6.0,7.0,105.0,False,23892.228914495056
62,1391,3013920,False,1127.3508182777143,ENGLAND,11,6.0,107.0,0.0,False,28640.287124847808
63,1394,3013950,False,1651.6499075429756,SCOTLAND,10,4.0,102.0,0.0,False,49436.78208619287
64,1413,3014140,False,1315.5799495161837,WALES,11,5.0,56.0,0.0,False,34774.778332623566
65,1422,3014230,False,1503.809080754653,ENGLAND,7,7.0,74.0,0.0,False,68201.10813350695
66,1430,3014310,False,1315.5799495161837,ENGLAND,10,6.0,14.0,92.0,False,66396.8460135729
67,1434,3014350,False,1315.5799495161837,ENGLAND,3,3.0,6.0,0.0,False,63035.220800643154
68,1459,3014600,False,2067.4844898935103,ENGLAND,2,4.0,12.0,0.0,False,12914.71833215949
69,1495,3014960,False,1503.809080754653,WALES,1,5.0,10.0,403.0,False,168157.2295778531
70,1502,3015030,False,2104.927919225894,ENGLAND,3,6.0,8.0,50.0,False,31299.19972264535
71,1514,3015150,False,1127.3508182777143,ENGLAND,5,1.0,168.0,0.0,False,23018.58620379015
72,1531,3015320,False,1517.976864826366,SCOTLAND,1,6.0,81.0,0.0,True,32666.64048722694
73,1532,3015330,False,0.0,SCOTLAND,7,4.0,116.0,173.0,False,26665.094909341064
74,1560,3015610,False,2494.167546904671,ENGLAND,0,5.0,22.0,116.0,False,30444.549244781854
75,1582,3015830,False,1575.2551918591473,ENGLAND,10,5.0,112.0,0.0,False,23018.58620379015
76,1584,3015850,False,1127.3508182777143,SCOTLAND,3,6.0,63.0,98.0,False,8508.520312952134
77,1603,3016040,False,1127.3508182777143,ENGLAND,6,5.0,113.0,74.0,False,43169.345248527236
78,1613,3016140,False,2067.4844898935103,SCOTLAND,10,4.0,40.0,0.0,False,28317.41916654382
79,1619,3016200,False,0.0,SCOTLAND,7,7.0,103.0,0.0,False,11737.199895992006
80,1638,3016390,False,1127.3508182777143,ENGLAND,7,7.0,6.0,155.0,True,28469.35702927511
81,1643,3016440,False,0.0,ENGLAND,2,3.0,96.0,92.0,False,25791.452198636158
82,1656,3016570,False,1503.809080754653,ENGLAND,1,8.0,107.0,0.0,False,49645.696647448385
83,1659,3016600,False,1691.0262274165716,ENGLAND,3,6.0,3.0,0.0,False,20644.55709861377
84,1680,3016810,False,1013.7454297141092,ENGLAND,3,7.0,63.0,0.0,False,28317.41916654382
85,1744,3017450,False,1127.3508182777143,SCOTLAND,5,7.0,102.0,0.0,False,31849.97447504627
86,1750,3017510,False,1127.3508182777143,ENGLAND,0,7.0,54.0,0.0,False,62997.23633496033
87,1785,3017860,False,1503.809080754653,ENGLAND,5,4.0,101.0,75.0,False,27994.551208239835
88,1823,3018250,False,1503.809080754653,ENGLAND,11,6.0,16.0,69.0,False,22315.87358865794
89,1845,3018470,False,1127.3508182777143,ENGLAND,11,7.0,5.0,140.0,False,40358.4947879984
90,1856,3018580,False,1315.5799495161837,ENGLAND,4,7.0,4.0,83.0,True,23151.531833680026
91,1862,3018640,False,1315.5799495161837,ENGLAND,10,7.0,118.0,0.0,False,4292.244622158889
92,1883,3018850,False,2612.13458899321,WALES,8,3.0,5.0,0.0,False,22543.780382754874
93,1909,3019110,False,1127.3508182777143,NI,0,5.0,88.0,0.0,False,26684.087142182474
94,1921,3019230,False,1315.5799495161837,ENGLAND,3,5.0,15.0,0.0,False,7539.916438040173
95,1981,3019830,False,2067.4844898935103,ENGLAND,10,9.0,108.0,0.0,True,43131.360782844415
96,1994,3019960,False,0.0,ENGLAND,1,4.0,8.0,0.0,False,25544.55317169781
97,1997,3019990,False,0.0,NI,0,6.0,193.0,92.0,True,29058.116247358852
98,2003,3020050,False,1691.0262274165716,ENGLAND,7,7.0,44.0,0.0,False,35705.39774185271
99,2084,3020860,False,1127.3508182777143,ENGLAND,3,5.0,97.0,0.0,False,20758.510495662238
100,2102,3021040,False,1143.542571502529,ENGLAND,1,5.0,11.0,65.0,False,31147.261859914062
101,2105,3021070,False,1691.0262274165716,NI,5,5.0,8.0,116.0,True,26019.358992733087
102,2108,3021100,False,1503.809080754653,ENGLAND,1,6.0,92.0,0.0,True,13199.601824780655
103,2134,3021360,False,3383.064439409694,ENGLAND,8,4.0,84.0,104.0,True,20777.50272850365
104,2154,3021560,False,1691.0262274165716,ENGLAND,4,6.0,467.0,0.0,False,26608.11821081683
105,2194,3021960,False,0.0,ENGLAND,3,3.0,14.0,0.0,False,21898.044466146897
106,2221,3022230,False,1691.0262274165716,NI,8,4.0,7.0,0.0,False,27006.955100486462
107,2289,3022910,False,1285.2204122196565,ENGLAND,10,8.0,77.0,0.0,False,38535.24043522295
108,2303,3023050,False,3383.064439409694,SCOTLAND,10,4.0,57.0,89.0,False,19808.898853591687
109,2316,3023180,False,1691.0262274165716,ENGLAND,10,4.0,88.0,0.0,False,17149.986255794145
110,2325,3023270,False,1691.0262274165716,ENGLAND,5,4.0,56.0,0.0,False,40814.30837619227
111,2327,3023290,False,1503.809080754653,ENGLAND,5,7.0,120.0,0.0,False,23626.337654715302
112,2330,3023320,False,0.0,ENGLAND,8,6.0,16.0,96.0,False,28336.411399385233
113,2355,3023570,False,2067.4844898935103,SCOTLAND,2,5.0,74.0,0.0,False,14965.879479031879
114,2371,3023730,False,1691.0262274165716,ENGLAND,10,4.0,40.0,88.0,False,22239.904657292296
115,2376,3023780,False,1503.809080754653,ENGLAND,11,7.0,9.0,0.0,False,20169.751277578496
116,2390,3023920,False,1315.5799495161837,ENGLAND,7,4.0,55.0,0.0,False,22163.93572592665
117,2439,3024410,False,1691.0262274165716,NI,8,7.0,23.0,79.0,False,23949.205613019287
118,2441,3024430,False,0.0,ENGLAND,11,3.0,8.0,0.0,False,21936.028931829722
119,2461,3024630,False,1484.5813738001857,WALES,3,5.0,15.0,0.0,True,24139.1279414334
120,2486,3024880,False,2819.389030270837,ENGLAND,7,5.0,41.0,0.0,False,68277.07706487259
121,2504,3025060,False,1127.3508182777143,NI,11,5.0,138.0,0.0,False,25183.700747711002
122,2505,3025070,False,0.0,ENGLAND,11,6.0,11.0,0.0,False,38307.33364112602
123,2514,3025160,False,984.1145213126986,ENGLAND,6,4.0,14.0,58.0,True,7995.730026234037
124,2532,3025340,False,1127.3508182777143,ENGLAND,8,6.0,8.0,92.0,False,45866.2423120076
125,2544,3025460,False,1691.0262274165716,ENGLAND,8,8.0,94.0,0.0,False,12079.060087137404
126,2552,3025540,False,2442.930767793898,ENGLAND,1,4.0,42.0,0.0,False,7331.001876784651
127,2598,3026000,False,1108.6493433030535,ENGLAND,4,5.0,157.0,0.0,True,25468.58424033217
128,2617,3026190,False,1315.5799495161837,WALES,4,4.0,31.0,0.0,False,32818.57834995823
129,2623,3026250,False,1290.6244098584382,SCOTLAND,10,5.0,49.0,0.0,False,28412.380330750875
130,2635,3026370,False,0.0,ENGLAND,2,5.0,21.0,155.0,False,40073.61129537724
131,2649,3026510,False,0.0,ENGLAND,1,6.0,311.0,65.0,True,10673.63485687299
132,2652,3026540,False,2067.4844898935103,ENGLAND,4,3.0,10.0,0.0,False,23455.4075591426
133,2701,3027030,False,0.0,ENGLAND,8,7.0,9.0,0.0,True,25962.382294208855
134,2704,3027060,False,1335.819641047202,SCOTLAND,11,7.0,53.0,0.0,False,20891.456125552115
135,2724,3027260,False,1127.3508182777143,ENGLAND,7,3.0,73.0,0.0,False,25791.452198636158
136,2739,3027410,False,1691.0262274165716,ENGLAND,2,7.0,13.0,0.0,False,23968.197845860697
137,2743,3027450,False,2819.389030270837,ENGLAND,1,5.0,8.0,0.0,True,25069.74735066254
138,2752,3027540,False,1127.3508182777143,ENGLAND,11,5.0,10.0,81.0,False,22315.87358865794
139,2789,3027910,False,1105.0871575935944,NI,1,5.0,146.0,0.0,False,26987.96286764505
140,2818,3028200,False,1529.989121750025,SCOTLAND,7,5.0,249.0,0.0,False,13370.531920353353
141,2840,3028420,False,2020.0831323278658,SCOTLAND,6,3.0,66.0,52.0,True,24746.87939235855
142,2877,3028790,False,1127.3508182777143,ENGLAND,7,8.0,104.0,0.0,False,51620.88886295514
143,2890,3028920,False,1315.5799495161837,ENGLAND,9,4.0,47.0,0.0,False,23360.446394935545
144,2894,3028960,False,1691.0262274165716,ENGLAND,11,5.0,14.0,0.0,False,26437.18811524413
145,2922,3029240,False,1315.5799495161837,ENGLAND,10,5.0,47.0,0.0,False,25468.58424033217
146,2932,3029340,False,758.988432413183,SCOTLAND,11,3.0,103.0,154.0,False,25696.491034429102
147,2949,3029510,False,0.0,SCOTLAND,3,4.0,82.0,182.0,True,12629.834839538324
148,2986,3029880,False,2442.930767793898,ENGLAND,7,7.0,468.0,0.0,False,42238.725839298095
149,2988,3029900,False,719.5210339276974,ENGLAND,11,6.0,45.0,0.0,True,22866.64834105886
150,3000,3030020,False,0.0,NI,4,5.0,7.0,0.0,False,35648.421043328475
151,3017,3030190,False,1189.0818774473198,ENGLAND,1,9.0,85.0,104.0,False,30254.626916367743
152,3070,3030720,False,2067.4844898935103,ENGLAND,4,7.0,4.0,124.0,True,20701.533797138003
153,3086,3030880,False,0.0,ENGLAND,10,5.0,113.0,0.0,True,22562.772615596285
154,3110,3031120,False,425.03352215138244,ENGLAND,2,7.0,129.0,0.0,True,27329.823058790447
155,3129,3031310,False,1503.809080754653,WALES,11,6.0,13.0,0.0,False,22866.64834105886
156,3133,3031350,False,0.0,ENGLAND,10,4.0,117.0,0.0,True,14699.988219252124
157,3136,3031380,False,1691.0262274165716,ENGLAND,1,3.0,74.0,115.0,False,28716.256056213453
158,3167,3031690,False,1503.809080754653,ENGLAND,3,7.0,82.0,0.0,False,24917.80948793125
159,3187,3031890,False,1503.809080754653,ENGLAND,11,8.0,10.0,85.0,False,48810.038402426304
160,3222,3032240,False,2442.930767793898,ENGLAND,8,8.0,13.0,0.0,True,25012.770652138304
161,3239,3032410,False,1050.419750768314,ENGLAND,4,5.0,235.0,0.0,False,10502.70476130029
162,3264,3032660,False,2067.4844898935103,ENGLAND,4,5.0,136.0,89.0,False,27367.80752447327
163,3289,3032910,False,1691.0262274165716,ENGLAND,2,6.0,39.0,91.0,False,21347.26971374598
164,3321,3033230,False,0.0,NI,1,4.0,18.0,127.0,False,139991.74827404058
165,3351,3033530,False,2067.4844898935103,ENGLAND,11,5.0,89.0,0.0,False,22163.93572592665
166,3359,3033610,False,1503.809080754653,ENGLAND,6,5.0,9.0,0.0,False,22581.764848437695
167,3419,3034210,False,1619.175322481457,ENGLAND,8,9.0,117.0,31.0,False,31432.145352535226
168,3427,3034290,False,2067.4844898935103,SCOTLAND,11,5.0,95.0,109.0,False,27842.613345508544
169,3438,3034400,False,1503.809080754653,ENGLAND,4,8.0,13.0,0.0,False,20169.751277578496
170,3503,3035050,False,1558.4562478884022,ENGLAND,1,5.0,6.0,115.0,False,6419.374700396923
171,3515,3035170,False,961.385347723365,ENGLAND,4,5.0,40.0,0.0,False,5089.918401498152
172,3562,3035640,False,1127.3508182777143,SCOTLAND,11,5.0,9.0,0.0,True,8755.419339890477
173,3572,3035740,False,1691.0262274165716,ENGLAND,5,9.0,396.0,0.0,False,55400.34319839592
174,3573,3035750,False,1315.5799495161837,SCOTLAND,2,5.0,185.0,81.0,False,26874.009470596582
175,3586,3035880,False,2067.4844898935103,ENGLAND,8,6.0,206.0,104.0,False,41137.17633449625
176,3618,3036200,False,2998.743056772955,ENGLAND,1,3.0,8.0,87.0,False,28146.48907097112
177,3642,3036440,False,2442.930767793898,ENGLAND,11,4.0,142.0,0.0,False,4368.213553524533
178,3647,3036490,False,1127.3508182777143,ENGLAND,5,7.0,111.0,113.0,False,31337.18418832817
179,3653,3036550,False,1127.3508182777143,ENGLAND,10,2.0,39.0,0.0,False,32305.788063240132
180,3666,3036680,False,0.0,NI,10,6.0,50.0,0.0,False,16865.10276317298
181,3671,3036730,False,1503.809080754653,SCOTLAND,3,6.0,194.0,0.0,False,24461.995899737387
182,3693,3036950,False,1503.809080754653,ENGLAND,10,8.0,108.0,90.0,True,30672.456038878787
183,3695,3036970,False,1113.1830342060016,ENGLAND,9,7.0,44.0,0.0,False,23018.58620379015
184,3719,3037210,False,0.0,ENGLAND,2,6.0,96.0,0.0,True,6552.3203302868
185,3740,3037420,False,1821.572237791639,ENGLAND,4,6.0,7.0,98.0,False,38763.147229319875
186,3756,3037580,False,2067.4844898935103,ENGLAND,7,6.0,13.0,207.0,False,36579.04045255761
187,3761,3037630,False,1503.809080754653,ENGLAND,4,6.0,4.0,0.0,False,32704.624952909766
188,3789,3037910,False,1691.0262274165716,ENGLAND,2,5.0,27.0,0.0,False,45448.413189496554
189,3819,3038210,False,1503.809080754653,ENGLAND,1,8.0,5.0,86.0,True,25563.545404539225
190,3838,3038400,False,1447.137944467802,WALES,2,6.0,14.0,71.0,False,11737.199895992006
191,3842,3038440,False,1503.809080754653,ENGLAND,6,5.0,132.0,0.0,False,23512.384257666836
192,3878,3038800,False,0.0,NI,1,4.0,152.0,0.0,False,24974.786186455483
193,3883,3038850,False,2067.4844898935103,ENGLAND,2,5.0,100.0,0.0,True,19903.860017798743
194,3895,3038970,False,1691.0262274165716,ENGLAND,10,4.0,164.0,0.0,False,37509.65986178675
195,3928,3039300,False,2442.930767793898,ENGLAND,7,7.0,123.0,0.0,False,12496.889209648447
196,3964,3039660,False,1694.9527275735893,ENGLAND,5,6.0,44.0,60.0,False,13351.539687511942
197,3967,3039690,False,1691.0262274165716,ENGLAND,7,8.0,57.0,109.0,False,30900.36283297572
198,3982,3039840,False,1381.4297859123515,WALES,2,4.0,14.0,196.0,False,32723.617185751176
199,3990,3039920,False,1315.5799495161837,WALES,7,6.0,3.0,0.0,False,42979.422920113124
200,4009,3040110,False,1720.373780136548,NI,7,4.0,116.0,0.0,False,4216.275690793245
201,4010,3040120,False,1127.3508182777143,ENGLAND,4,6.0,101.0,0.0,True,25107.73181634536
202,4020,3040220,False,1315.5799495161837,ENGLAND,10,6.0,150.0,125.0,False,21974.013397512543
203,4072,3040740,False,1728.844091042279,SCOTLAND,5,5.0,8.0,0.0,True,19580.992059494754
204,4092,3040940,False,1322.6739613978057,ENGLAND,7,5.0,205.0,0.0,False,17738.745473877887
205,4153,3041550,False,0.0,ENGLAND,10,3.0,10.0,0.0,False,23645.329887556712
206,4219,3042210,False,2067.4844898935103,ENGLAND,5,5.0,4.0,111.0,False,27443.776455838914
207,4249,3042510,False,2442.930767793898,ENGLAND,2,4.0,9.0,381.0,False,30710.440504561608
208,4282,3042840,False,2067.4844898935103,ENGLAND,1,5.0,12.0,0.0,False,9021.31059967023
209,4285,3042870,False,1691.0262274165716,ENGLAND,7,6.0,67.0,0.0,True,54925.53737736065
210,4341,3043430,False,1437.018098702293,SCOTLAND,5,6.0,12.0,69.0,True,32647.64825438553
211,4355,3043570,False,967.7507307098703,ENGLAND,2,5.0,123.0,0.0,False,32989.50844553093
212,4414,3044160,False,0.0,ENGLAND,11,3.0,40.0,196.0,False,26133.312389781553
213,4428,3044300,False,60.719074593054636,ENGLAND,4,9.0,13.0,0.0,False,34584.856004209454
214,4434,3044360,False,1654.7061009641593,ENGLAND,1,6.0,9.0,0.0,False,97563.10010632838
215,4452,3044540,False,2442.930767793898,ENGLAND,6,3.0,159.0,0.0,False,22296.88135581653
216,4484,3044860,False,1186.754312921253,ENGLAND,7,5.0,12.0,61.0,False,33141.44630826222
217,4502,3045040,False,1315.5799495161837,ENGLAND,5,7.0,9.0,89.0,False,13427.508618877586
218,4503,3045050,False,1315.5799495161837,ENGLAND,11,7.0,45.0,98.0,False,32343.772528922957
219,4541,3045430,False,1315.5799495161837,SCOTLAND,11,6.0,15.0,102.0,False,26475.172580926952
220,4550,3045520,False,1113.1830342060016,NI,2,5.0,4.0,0.0,False,28431.372563592286
221,4566,3045680,False,1503.809080754653,ENGLAND,0,5.0,133.0,0.0,False,28013.543441081245
222,4580,3045820,False,1503.809080754653,ENGLAND,0,6.0,103.0,0.0,False,27766.644414142902
223,4607,3046090,False,2444.185628668821,ENGLAND,9,6.0,10.0,0.0,False,30748.424970244432
224,4653,3046550,False,2207.5836346712185,ENGLAND,4,9.0,91.0,0.0,False,11737.199895992006
225,4689,3046910,False,1315.5799495161837,SCOTLAND,4,3.0,137.0,90.0,False,29779.82109533247
226,4690,3046920,False,1127.3508182777143,SCOTLAND,11,5.0,5.0,185.0,True,41213.1452658619
227,4697,3046990,False,1315.5799495161837,ENGLAND,8,8.0,10.0,60.0,True,32381.756994605777
228,4704,3047060,False,1503.809080754653,WALES,10,6.0,8.0,109.0,False,41953.84234667693
229,4724,3047260,False,1503.809080754653,ENGLAND,10,4.0,12.0,84.0,False,12629.834839538324
230,4725,3047270,False,1315.5799495161837,ENGLAND,5,6.0,24.0,0.0,False,22980.601738107325
231,4734,3047360,False,2442.930767793898,NI,11,6.0,12.0,0.0,False,23265.485230728493
232,4768,3047700,False,1691.0262274165716,SCOTLAND,2,6.0,62.0,0.0,False,27956.56674255701
233,4772,3047740,False,1603.8741156840072,ENGLAND,10,4.0,8.0,196.0,False,21271.300782380335
234,4794,3047960,False,1324.6878107051418,ENGLAND,10,6.0,100.0,0.0,True,24310.058037006096
235,4836,3048380,False,1730.1293114544987,SCOTLAND,2,8.0,80.0,161.0,False,27614.706551411615
236,4851,3048530,False,1127.3508182777143,WALES,3,6.0,88.0,123.0,False,23759.28328460518
237,4881,3048830,False,1503.809080754653,SCOTLAND,9,5.0,43.0,0.0,False,32438.733693130012
238,4885,3048870,False,1127.3508182777143,ENGLAND,10,5.0,369.0,224.0,True,28336.411399385233
239,4887,3048890,False,2681.759127859913,ENGLAND,1,8.0,19.0,85.0,False,28431.372563592286
240,4891,3048930,False,0.0,SCOTLAND,7,5.0,0.0,0.0,False,55020.49854156771
241,4907,3049090,False,2819.389030270837,NI,10,3.0,270.0,112.0,False,14149.213466851204
242,4942,3049440,False,1503.809080754653,ENGLAND,2,5.0,105.0,0.0,False,38554.23266806436
243,4943,3049450,False,1315.5799495161837,ENGLAND,1,5.0,19.0,0.0,True,21214.324083856103
244,4947,3049490,False,1503.809080754653,ENGLAND,2,5.0,9.0,0.0,False,34736.793866940745
245,4950,3049520,False,1691.0262274165716,SCOTLAND,10,7.0,13.0,0.0,False,25069.74735066254
246,4953,3049550,False,1315.5799495161837,ENGLAND,1,7.0,106.0,93.0,False,4292.244622158889
247,4958,3049600,False,2442.930767793898,ENGLAND,10,5.0,26.0,0.0,False,10502.70476130029
248,4963,3049650,False,1127.3508182777143,ENGLAND,8,4.0,111.0,0.0,True,21480.215343635857
249,4966,3049680,False,1503.809080754653,NI,6,7.0,8.0,0.0,False,28469.35702927511
250,4975,3049770,False,1135.851488720742,SCOTLAND,8,5.0,111.0,102.0,False,27234.86189458339
251,5032,3050340,False,0.0,NI,6,4.0,4.0,0.0,True,29912.766725222347
252,5043,3050450,False,1506.2783231214373,SCOTLAND,4,3.0,80.0,0.0,False,56976.69852423304
253,5120,3051220,False,1691.0262274165716,ENGLAND,11,7.0,12.0,0.0,False,28583.310426323576
254,5155,3051570,False,1503.809080754653,ENGLAND,7,6.0,22.0,0.0,False,26380.211416719896
255,5161,3051630,False,2819.389030270837,NI,10,7.0,58.0,0.0,False,67042.58193018088
256,5185,3051870,False,1062.5838053784562,ENGLAND,2,5.0,79.0,0.0,False,4292.244622158889
257,5214,3052160,False,2067.4844898935103,ENGLAND,4,10.0,99.0,0.0,False,13370.531920353353
258,5230,3052320,False,1011.9845765509106,ENGLAND,6,5.0,21.0,0.0,True,25373.623076125114
259,5270,3052720,False,233.8392761036189,ENGLAND,8,6.0,39.0,0.0,False,39598.80547434196
260,5317,3053190,False,3027.7870141199655,NI,0,3.0,178.0,123.0,False,23721.298818922354
261,5321,3053230,False,1285.39244959767,SCOTLAND,10,2.0,104.0,0.0,False,23189.516299362847
262,5322,3053240,False,1011.9845765509106,ENGLAND,4,6.0,118.0,0.0,False,32685.632720068355
263,5337,3053390,False,3383.064439409694,ENGLAND,5,7.0,7.0,368.0,False,32742.609418592587
264,5361,3053630,False,1362.0300415798706,ENGLAND,1,5.0,9.0,0.0,False,30425.557011940444
265,5381,3053830,False,1821.572237791639,ENGLAND,8,7.0,41.0,92.0,False,22201.920191609475
266,5405,3054070,False,1315.5799495161837,ENGLAND,7,5.0,86.0,83.0,True,27120.90849753493
267,5428,3054300,False,0.0,ENGLAND,10,5.0,96.0,0.0,False,29817.80556101529
268,5435,3054370,False,2819.389030270837,ENGLAND,10,5.0,89.0,0.0,True,51658.87332863796
269,5445,3054470,False,1315.5799495161837,ENGLAND,9,5.0,7.0,88.0,False,69796.45569218547
270,5446,3054480,False,1691.0262274165716,SCOTLAND,10,5.0,7.0,0.0,True,30102.689053636455
271,5450,3054520,False,2657.8155727787184,ENGLAND,8,4.0,12.0,89.0,True,25544.55317169781
272,5463,3054650,False,2327.5645260670944,ENGLAND,5,5.0,7.0,0.0,False,44365.85591753613
273,5467,3054690,False,1691.0262274165716,ENGLAND,10,6.0,7.0,368.0,False,26133.312389781553
274,5489,3054910,False,0.0,ENGLAND,4,6.0,15.0,72.0,False,17662.77654251224
275,5495,3054970,False,0.0,SCOTLAND,7,6.0,42.0,0.0,False,28298.42693370241
276,5515,3055170,False,2442.930767793898,ENGLAND,10,6.0,70.0,110.0,False,41498.028758483066
277,5588,3055900,False,1677.657911160334,ENGLAND,4,5.0,173.0,0.0,False,12496.889209648447
278,5605,3056070,False,1354.4705167930354,ENGLAND,11,6.0,158.0,0.0,True,26949.978401962228
279,5629,3056310,False,1315.5799495161837,ENGLAND,5,6.0,105.0,0.0,False,24613.933762468674
280,5661,3056630,False,1315.5799495161837,ENGLAND,8,6.0,95.0,0.0,False,32742.609418592587
281,5674,3056760,False,1691.0262274165716,WALES,1,10.0,23.0,0.0,False,26722.071607865295
282,5715,3057170,False,1127.3508182777143,ENGLAND,2,3.0,4.0,0.0,False,22771.687176851807
283,5725,3057270,False,1503.809080754653,SCOTLAND,5,7.0,113.0,0.0,False,29210.05411009014
284,5728,3057300,False,991.7448850198923,SCOTLAND,1,4.0,11.0,0.0,True,32590.6715558613
285,5737,3057390,False,2819.389030270837,ENGLAND,1,5.0,100.0,0.0,False,57052.66745559868
286,5781,3057830,False,1691.0262274165716,ENGLAND,8,5.0,12.0,0.0,False,40928.26177324073
287,5782,3057840,False,1503.809080754653,ENGLAND,4,3.0,58.0,0.0,False,31527.106516742282
288,5805,3058070,False,1315.5799495161837,ENGLAND,10,4.0,138.0,0.0,True,34907.72396251344
289,5828,3058300,False,1477.4671222270329,ENGLAND,3,5.0,17.0,100.0,True,44650.73941015729
290,5844,3058460,False,1503.809080754653,NI,3,5.0,45.0,0.0,False,65086.38194751554
291,5851,3058530,False,1157.1537640571387,ENGLAND,4,5.0,44.0,0.0,False,39959.65789832877
292,5858,3058600,False,1729.6840382408163,ENGLAND,0,6.0,128.0,0.0,True,25202.692980552416
293,5867,3058690,False,1503.809080754653,ENGLAND,4,6.0,21.0,0.0,False,5336.817428436495
294,5869,3058710,False,1315.5799495161837,ENGLAND,10,4.0,45.0,0.0,False,12420.920278282803
295,5877,3058790,False,1503.809080754653,ENGLAND,11,6.0,69.0,115.0,False,26057.34345841591
296,5884,3058860,False,3195.5538172205756,SCOTLAND,7,5.0,11.0,0.0,False,8242.629053172379
297,5919,3059210,False,1808.2950001472911,SCOTLAND,11,5.0,16.0,123.0,False,52969.337394695314
298,5925,3059270,False,1315.5799495161837,ENGLAND,6,2.0,7.0,0.0,False,23056.57066947297
299,5927,3059290,False,1127.3508182777143,ENGLAND,1,5.0,9.0,88.0,False,26095.327924098732
300,5936,3059380,False,2125.1676107569124,ENGLAND,2,4.0,28.0,0.0,False,32685.632720068355
301,5938,3059400,False,1503.809080754653,ENGLAND,10,4.0,7.0,0.0,False,23512.384257666836
302,5948,3059500,False,2028.0170914080247,ENGLAND,1,6.0,154.0,0.0,False,16713.16490044169
303,5957,3059590,False,1315.5799495161837,ENGLAND,7,3.0,48.0,0.0,False,28222.458002336767
304,5974,3059760,False,0.0,SCOTLAND,11,4.0,116.0,113.0,False,35002.6851267205
305,5977,3059790,False,1127.3508182777143,ENGLAND,11,5.0,19.0,81.0,False,21214.324083856103
306,6027,3060290,False,1127.3508182777143,ENGLAND,3,4.0,0.0,0.0,False,45619.343285069255
307,6043,3060450,False,1315.5799495161837,NI,8,6.0,9.0,0.0,False,39408.88314592785
308,6050,3060520,False,0.0,ENGLAND,1,8.0,6.0,121.0,True,58382.12375449746
309,6083,3060850,False,1315.5799495161837,ENGLAND,0,3.0,9.0,0.0,False,14111.229001168384
310,6126,3061290,False,1171.8781396459544,SCOTLAND,10,5.0,10.0,0.0,False,35534.467646280005
311,6129,3061320,False,0.0,ENGLAND,0,5.0,8.0,0.0,False,35743.38220753553
312,6136,3061390,False,2067.4844898935103,ENGLAND,7,8.0,7.0,0.0,False,21214.324083856103
313,6163,3061660,False,819.7075070062375,ENGLAND,1,6.0,6.0,0.0,False,33369.35310235915
314,6165,3061680,False,1127.3508182777143,ENGLAND,11,5.0,78.0,73.0,False,4292.244622158889
315,6181,3061840,False,1127.3508182777143,ENGLAND,10,3.0,6.0,98.0,False,30615.479340354552
316,6216,3062190,False,1127.3508182777143,SCOTLAND,7,5.0,7.0,0.0,True,23721.298818922354
317,6254,3062570,False,0.0,ENGLAND,7,7.0,98.0,0.0,False,28868.19391894474
318,6263,3062660,False,919.3677481049713,ENGLAND,9,5.0,123.0,0.0,False,21366.26194658739
319,6275,3062780,False,2442.930767793898,ENGLAND,2,4.0,129.0,78.0,False,48582.13160832937
320,6295,3062980,False,1315.5799495161837,ENGLAND,8,3.0,9.0,0.0,False,42485.62486623644
321,6326,3063290,False,0.0,ENGLAND,10,3.0,10.0,0.0,False,23721.298818922354
322,6329,3063320,False,2185.3806930616915,ENGLAND,0,8.0,18.0,0.0,False,20321.689140309783
323,6363,3063660,False,1669.7745513090024,ENGLAND,3,3.0,90.0,104.0,False,21195.33185101469
324,6374,3063770,False,1503.809080754653,SCOTLAND,1,5.0,9.0,0.0,False,36958.88510938583
325,6426,3064290,False,1315.5799495161837,ENGLAND,7,5.0,83.0,0.0,False,4292.244622158889
326,6434,3064370,False,1517.976864826366,SCOTLAND,11,6.0,82.0,0.0,False,5982.553345044469
327,6458,3064610,False,1127.3508182777143,ENGLAND,8,6.0,64.0,0.0,False,35496.483180597184
328,6466,3064690,False,1127.3508182777143,ENGLAND,11,5.0,84.0,0.0,True,36920.90064370301
329,6479,3064820,False,1691.0262274165716,SCOTLAND,3,5.0,134.0,0.0,False,5089.918401498152
330,6489,3064920,False,1137.4706640432235,ENGLAND,11,8.0,10.0,0.0,False,63092.197499167385
331,6516,3065190,False,2819.389030270837,SCOTLAND,11,4.0,113.0,100.0,False,4292.244622158889
332,6527,3065300,False,1503.809080754653,ENGLAND,1,4.0,75.0,0.0,False,10882.54941812851
333,6575,3065780,False,1315.5799495161837,ENGLAND,10,5.0,156.0,0.0,False,29267.03080861437
334,6581,3065840,False,0.0,SCOTLAND,3,7.0,9.0,0.0,False,26949.978401962228
335,6588,3065910,False,1503.809080754653,WALES,1,7.0,10.0,0.0,False,12933.7105650009
336,6603,3066060,False,1127.3508182777143,ENGLAND,3,5.0,9.0,343.0,False,7786.815464978516
337,6629,3066320,False,1503.809080754653,ENGLAND,11,8.0,8.0,0.0,False,27196.87742890057
338,6660,3066630,False,1315.5799495161837,ENGLAND,4,7.0,59.0,0.0,False,24139.1279414334
339,6719,3067220,False,1127.3508182777143,ENGLAND,5,4.0,8.0,125.0,False,25696.491034429102
340,6780,3067830,False,1127.3508182777143,ENGLAND,1,3.0,162.0,115.0,True,16485.258106344758
341,6792,3067950,False,1691.0262274165716,ENGLAND,9,5.0,53.0,0.0,False,4368.213553524533
342,6804,3068070,False,1503.809080754653,ENGLAND,9,4.0,20.0,0.0,False,25297.65414475947
343,6822,3068250,False,1127.3508182777143,ENGLAND,5,5.0,8.0,59.0,True,25981.374527050266
344,6834,3068370,False,1503.809080754653,ENGLAND,4,6.0,102.0,61.0,False,19486.0308952877
345,6841,3068440,False,981.6250392543833,NI,10,4.0,0.0,85.0,False,36123.22686436375
346,6847,3068500,False,2067.4844898935103,ENGLAND,1,3.0,100.0,0.0,False,24310.058037006096
347,6850,3068530,False,2067.4844898935103,ENGLAND,7,5.0,16.0,90.0,False,33483.30649940762
348,6868,3068710,False,1503.809080754653,ENGLAND,1,7.0,9.0,97.0,False,33559.27543077326
349,6874,3068770,False,1503.809080754653,ENGLAND,7,6.0,15.0,0.0,False,26171.296855464378
350,6882,3068850,False,1127.3508182777143,ENGLAND,9,5.0,126.0,78.0,False,32666.64048722694
351,6889,3068920,False,2125.1676107569124,ENGLAND,9,3.0,15.0,0.0,False,31337.18418832817
352,6914,3069170,False,1477.0623283964126,SCOTLAND,4,6.0,15.0,0.0,False,34110.05018317418
353,6920,3069230,False,1157.3055617436212,WALES,4,7.0,11.0,71.0,False,17093.009557269914
354,6935,3069380,False,190.75909267984665,ENGLAND,10,8.0,26.0,77.0,False,5431.77859264355
355,6953,3069560,False,1315.5799495161837,WALES,3,6.0,74.0,159.0,True,14149.213466851204
356,6987,3069900,False,1503.809080754653,ENGLAND,2,5.0,60.0,0.0,False,38136.403545553316
357,6988,3069910,False,1127.3508182777143,ENGLAND,0,6.0,105.0,103.0,False,21195.33185101469
358,6999,3070020,False,2442.930767793898,ENGLAND,2,5.0,84.0,0.0,False,13921.306672754272
359,7019,3070220,False,1315.5799495161837,ENGLAND,1,7.0,8.0,0.0,False,32495.710391654244
360,7026,3070290,False,1234.6211833921109,ENGLAND,1,5.0,4.0,74.0,False,13313.55522182912
361,7080,3070830,False,1315.5799495161837,ENGLAND,8,5.0,10.0,0.0,False,21024.40175544199
362,7096,3070990,False,1503.809080754653,ENGLAND,5,5.0,3.0,79.0,True,13826.345508547218
363,7107,3071100,False,1196.7122411545138,WALES,1,5.0,107.0,69.0,False,25715.483267270512
364,7121,3071240,False,0.0,SCOTLAND,1,7.0,80.0,0.0,False,30368.58031341621
365,7148,3071510,False,340.02681772110594,ENGLAND,10,6.0,117.0,0.0,False,5982.553345044469
366,7152,3071550,False,0.0,NI,7,5.0,165.0,80.0,True,28146.48907097112
367,7159,3071620,False,1315.5799495161837,ENGLAND,6,7.0,7.0,60.0,True,39256.94528319656
368,7170,3071730,False,1315.5799495161837,ENGLAND,4,5.0,57.0,0.0,False,21233.316316697514
369,7229,3072320,False,1127.3508182777143,SCOTLAND,1,8.0,101.0,0.0,True,24879.825022248428
370,7240,3072430,False,1503.809080754653,ENGLAND,1,6.0,12.0,0.0,False,22429.826985706408
371,7261,3072640,False,1235.2486138295724,ENGLAND,10,7.0,15.0,0.0,False,217385.09710279046
372,7298,3073010,False,1691.0262274165716,ENGLAND,7,3.0,107.0,0.0,False,27823.621112667133
373,7329,3073320,False,2442.930767793898,SCOTLAND,0,5.0,87.0,93.0,False,25221.685213393826
374,7343,3073460,False,0.0,ENGLAND,7,6.0,131.0,299.0,False,4501.15918341441
375,7398,3074010,False,1691.0262274165716,ENGLAND,10,5.0,13.0,84.0,False,38877.100626368345
376,7404,3074070,False,1315.5799495161837,ENGLAND,4,6.0,104.0,0.0,False,4292.244622158889
377,7406,3074090,False,1315.5799495161837,ENGLAND,6,3.0,140.0,201.0,False,34034.08125180854
378,7433,3074360,False,1409.3909197624532,ENGLAND,7,7.0,4.0,63.0,False,31906.951173570502
379,7442,3074450,False,1315.5799495161837,ENGLAND,0,4.0,93.0,0.0,True,12629.834839538324
380,7450,3074530,False,1350.8779715462797,ENGLAND,7,5.0,253.0,0.0,True,15877.506655419607
381,7458,3074610,False,0.0,ENGLAND,5,5.0,92.0,100.0,False,34945.70842819627
382,7480,3074830,False,1315.5799495161837,ENGLAND,6,6.0,87.0,0.0,False,30273.619149209157
383,7520,3075230,False,2442.930767793898,ENGLAND,4,5.0,40.0,0.0,False,40643.37828061957
384,7555,3075580,False,1315.5799495161837,ENGLAND,11,7.0,29.0,209.0,False,31394.160886852405
385,7575,3075780,False,1503.809080754653,ENGLAND,2,5.0,23.0,0.0,True,25468.58424033217
386,7587,3075900,False,0.0,ENGLAND,10,3.0,141.0,104.0,False,11756.192128833418
387,7615,3076180,False,1315.5799495161837,ENGLAND,2,4.0,12.0,98.0,False,27994.551208239835
388,7629,3076320,False,1691.0262274165716,ENGLAND,11,4.0,76.0,0.0,False,21442.230877953036
389,7634,3076370,False,1691.0262274165716,SCOTLAND,6,4.0,85.0,0.0,False,47879.41899319716
390,7682,3076850,False,0.0,NI,7,4.0,3.0,0.0,True,30330.595847733388
391,7683,3076860,False,1691.0262274165716,ENGLAND,6,4.0,108.0,90.0,False,66624.75280766984
392,7687,3076900,False,1315.5799495161837,ENGLAND,1,6.0,10.0,115.0,False,27348.815291631858
393,7758,3077610,False,1315.5799495161837,NI,5,5.0,8.0,58.0,False,14301.151329582493
394,7759,3077620,False,0.0,ENGLAND,5,4.0,15.0,0.0,False,30615.479340354552
395,7774,3077770,False,2067.4844898935103,SCOTLAND,5,7.0,91.0,0.0,False,27234.86189458339
396,7798,3078010,False,2067.4844898935103,ENGLAND,2,3.0,6.0,0.0,False,9420.147489339863
397,7800,3078030,False,1082.8234969094742,ENGLAND,10,6.0,2.0,0.0,False,11794.176594516239
398,7847,3078500,False,1503.809080754653,NI,5,6.0,503.0,92.0,False,23512.384257666836
399,7855,3078580,False,1691.0262274165716,ENGLAND,7,6.0,4.0,87.0,False,32305.788063240132
400,7864,3078670,False,1127.3508182777143,ENGLAND,2,4.0,106.0,0.0,False,26456.18034808554
401,7867,3078700,False,0.0,ENGLAND,6,4.0,42.0,0.0,False,31868.96670788768
402,7874,3078770,False,1503.809080754653,NI,10,9.0,21.0,16.0,False,13370.531920353353
403,7904,3079070,False,1127.3508182777143,ENGLAND,7,3.0,51.0,0.0,False,27101.916264693515
404,7924,3079270,False,2067.4844898935103,ENGLAND,6,4.0,120.0,97.0,True,21100.370686807637
405,7933,3079360,False,1503.809080754653,SCOTLAND,4,6.0,7.0,0.0,False,33730.20552634596
406,7946,3079490,False,1503.809080754653,ENGLAND,1,3.0,13.0,75.0,False,24670.910460992905
407,7947,3079500,False,2067.4844898935103,ENGLAND,11,5.0,22.0,0.0,False,61705.76450174438
408,7994,3079970,False,0.0,ENGLAND,3,6.0,445.0,109.0,True,29532.922068394124
409,7999,3080020,False,1127.3508182777143,SCOTLAND,6,3.0,121.0,0.0,False,14073.24453548556
410,8018,3080210,False,1315.5799495161837,ENGLAND,1,7.0,75.0,0.0,False,28773.232754737684
411,8025,3080280,False,1691.0262274165716,ENGLAND,0,5.0,14.0,100.0,True,24480.988132578797
412,8095,3080980,False,1127.3508182777143,NI,11,5.0,142.0,84.0,False,60072.43247738304
413,8105,3081080,False,1315.5799495161837,SCOTLAND,1,4.0,32.0,120.0,False,28127.49683812971
414,8119,3081220,False,2442.930767793898,ENGLAND,8,5.0,40.0,0.0,False,4254.260156476067
415,8124,3081270,False,1104.0751730170434,ENGLAND,11,5.0,91.0,0.0,False,29229.04634293155
416,8142,3081450,False,1503.809080754653,ENGLAND,10,7.0,382.0,0.0,False,30786.409435927253
417,8174,3081770,False,688.1495120546192,ENGLAND,2,5.0,124.0,0.0,False,23018.58620379015
418,8177,3081800,False,1127.3508182777143,ENGLAND,5,6.0,27.0,0.0,False,34755.786099782155
419,8185,3081880,False,1314.567964939633,ENGLAND,4,4.0,45.0,0.0,True,24424.011434054562
420,8248,3082510,False,2067.4844898935103,ENGLAND,4,5.0,150.0,0.0,False,22866.64834105886
421,8279,3082820,False,0.0,SCOTLAND,0,8.0,130.0,0.0,False,9325.186325132807
422,8291,3082940,False,1127.3508182777143,ENGLAND,11,2.0,256.0,88.0,False,12629.834839538324
423,8297,3083000,False,1691.0262274165716,ENGLAND,1,5.0,54.0,0.0,False,20701.533797138003
424,8303,3083060,False,2067.4844898935103,NI,7,3.0,68.0,0.0,False,23721.298818922354
425,8308,3083110,False,1315.5799495161837,ENGLAND,3,6.0,110.0,79.0,True,18498.434787534326
426,8313,3083160,False,1997.80935179798,ENGLAND,7,5.0,41.0,0.0,False,22144.94349308524
427,8332,3083350,False,1416.7784071712747,ENGLAND,11,4.0,19.0,0.0,False,25354.630843283703
428,8349,3083520,False,2067.4844898935103,SCOTLAND,11,3.0,10.0,0.0,False,25715.483267270512
429,8352,3083550,False,1315.5799495161837,SCOTLAND,6,3.0,88.0,0.0,False,5621.70092105766
430,8372,3083750,False,1127.3508182777143,NI,11,7.0,72.0,0.0,True,12496.889209648447
431,8380,3083830,False,1503.809080754653,ENGLAND,6,5.0,22.0,0.0,False,27063.931799010694
432,8402,3084050,False,2067.4844898935103,SCOTLAND,11,5.0,4.0,0.0,False,37984.465682822025
433,8427,3084300,False,2819.389030270837,ENGLAND,4,7.0,81.0,0.0,False,32115.865734826024
434,8481,3084840,False,1190.5694947748498,ENGLAND,11,3.0,127.0,0.0,False,26968.970634803638
435,8497,3085000,False,1447.137944467802,ENGLAND,11,5.0,292.0,164.0,False,38535.24043522295
436,8551,3085540,False,1127.3508182777143,NI,5,5.0,11.0,0.0,False,13864.32997423004
437,8557,3085600,False,0.0,SCOTLAND,4,6.0,14.0,0.0,False,39655.782172866195
438,8563,3085660,False,1503.809080754653,ENGLAND,9,4.0,87.0,196.0,True,20986.41728975917
439,8567,3085700,False,2819.389030270837,ENGLAND,11,8.0,31.0,99.0,False,7122.08731552913
440,8603,3086060,False,1563.738807377998,WALES,1,4.0,115.0,80.0,True,10673.63485687299
441,8631,3086340,False,850.0670443027649,SCOTLAND,8,6.0,89.0,314.0,False,13218.594057622066
442,8634,3086370,False,1315.5799495161837,ENGLAND,8,8.0,140.0,0.0,False,49607.712181765564
443,8668,3086710,False,1315.5799495161837,ENGLAND,10,3.0,83.0,207.0,False,37528.65209462816
444,8672,3086750,False,1691.0262274165716,ENGLAND,10,6.0,84.0,110.0,False,12344.951346917158
445,8692,3086950,False,1062.5838053784562,ENGLAND,7,6.0,4.0,0.0,False,25202.692980552416
446,8711,3087140,False,2074.5683819293668,ENGLAND,2,6.0,102.0,0.0,False,20739.518262820828
447,8715,3087180,False,0.0,ENGLAND,10,6.0,249.0,0.0,False,40016.63459685301
448,8730,3087330,False,1503.809080754653,WALES,3,5.0,10.0,0.0,False,12648.827072379734
449,8745,3087480,False,1127.3508182777143,ENGLAND,1,3.0,93.0,137.0,False,24310.058037006096
450,8770,3087730,False,2819.389030270837,ENGLAND,7,6.0,12.0,0.0,False,28811.21722042051
451,8799,3088020,False,1315.5799495161837,ENGLAND,10,10.0,161.0,0.0,True,26076.33569125732
452,8802,3088050,False,1127.3508182777143,ENGLAND,10,5.0,98.0,0.0,False,10103.867871630659
453,8819,3088220,False,1440.195730272663,SCOTLAND,5,4.0,518.0,0.0,False,22163.93572592665
454,8841,3088440,False,2067.4844898935103,ENGLAND,9,4.0,122.0,0.0,True,16276.343545089238
455,8885,3088880,False,1568.5760936539114,NI,6,3.0,44.0,0.0,False,23417.42309345978
456,8903,3089060,False,2067.4844898935103,ENGLAND,3,4.0,3.0,0.0,True,25088.73958350395
457,8908,3089110,False,1169.661893423308,ENGLAND,1,5.0,63.0,0.0,False,38706.17053079564
458,8909,3089120,False,3009.9254863438423,ENGLAND,11,5.0,9.0,0.0,True,23056.57066947297
459,8947,3089500,False,2442.930767793898,SCOTLAND,11,5.0,105.0,0.0,True,26304.242485354254
460,8955,3089580,False,2067.4844898935103,NI,10,4.0,168.0,79.0,True,26513.157046609773
461,8992,3089950,False,1503.809080754653,ENGLAND,3,5.0,6.0,0.0,False,15307.739670177276
462,9014,3090170,False,1127.3508182777143,ENGLAND,7,6.0,144.0,0.0,False,22562.772615596285
463,9031,3090340,False,1503.809080754653,ENGLAND,10,7.0,15.0,0.0,True,14263.16686389967
464,9037,3090400,False,1315.5799495161837,ENGLAND,11,7.0,5.0,0.0,True,23132.539600838616
465,9065,3090680,False,1315.5799495161837,SCOTLAND,3,9.0,10.0,0.0,False,24253.081338481865
466,9076,3090790,False,1127.3508182777143,NI,2,6.0,10.0,0.0,False,23892.228914495056
467,9136,3091390,False,1315.5799495161837,ENGLAND,8,5.0,110.0,0.0,True,20663.549331455182
468,9156,3091590,False,1507.8570190608568,NI,1,4.0,6.0,80.0,False,24310.058037006096
469,9178,3091810,False,0.0,SCOTLAND,1,6.0,27.0,0.0,False,33483.30649940762
470,9197,3092000,False,0.0,ENGLAND,6,5.0,3.0,0.0,False,28716.256056213453
471,9200,3092030,False,1728.844091042279,SCOTLAND,9,4.0,34.0,10.0,False,25658.506568746277
472,9213,3092160,False,1503.809080754653,ENGLAND,10,4.0,88.0,0.0,False,24898.817255089838
473,9220,3092230,False,1315.5799495161837,NI,6,2.0,108.0,97.0,False,32438.733693130012
474,9223,3092260,False,1127.3508182777143,ENGLAND,11,6.0,72.0,0.0,False,50215.46363269072
475,9253,3092560,False,1503.809080754653,ENGLAND,6,5.0,18.0,90.0,False,32438.733693130012
476,9263,3092660,False,1416.7784071712747,ENGLAND,10,10.0,9.0,0.0,False,21347.26971374598
477,9274,3092770,False,924.71102666916,SCOTLAND,5,4.0,96.0,0.0,True,11566.269800419308
478,9300,3093030,False,1959.1414211279698,ENGLAND,6,2.0,59.0,0.0,False,14111.229001168384
479,9301,3093040,False,1315.5799495161837,ENGLAND,10,6.0,2.0,0.0,False,14946.887246190467
480,9308,3093110,False,1503.809080754653,ENGLAND,5,4.0,7.0,0.0,False,4292.244622158889
481,9338,3093410,False,1528.3395868902471,ENGLAND,10,2.0,152.0,207.0,False,27956.56674255701
482,9367,3093700,False,2067.4844898935103,ENGLAND,10,6.0,166.0,125.0,False,24993.778419296894
483,9380,3093830,False,2067.4844898935103,SCOTLAND,7,5.0,6.0,0.0,False,25259.669679076647
484,9391,3093940,False,2067.4844898935103,NI,7,5.0,75.0,90.0,False,4330.229087841711
485,9405,3094080,False,1175.926077952158,SCOTLAND,5,4.0,168.0,64.0,False,38440.27927101589
486,9412,3094150,False,1315.5799495161837,ENGLAND,10,4.0,29.0,137.0,False,4292.244622158889
487,9417,3094200,False,1138.7457646096775,SCOTLAND,1,8.0,80.0,0.0,False,70442.19160879345
488,9418,3094210,False,1394.9701395466027,ENGLAND,11,5.0,83.0,167.0,False,31470.12981821805
489,9430,3094330,False,2819.389030270837,ENGLAND,1,5.0,57.0,0.0,False,29931.758958063758
490,9446,3094490,False,1127.3508182777143,ENGLAND,7,5.0,84.0,0.0,False,29950.75119090517
491,9465,3094680,False,1503.809080754653,ENGLAND,4,5.0,7.0,0.0,False,23512.384257666836
492,9469,3094720,False,2149.455240594134,ENGLAND,10,6.0,13.0,86.0,False,10274.797967203358
493,9471,3094740,False,2819.389030270837,ENGLAND,4,7.0,12.0,100.0,False,31299.19972264535
494,9483,3094860,False,1127.3508182777143,ENGLAND,8,5.0,4.0,0.0,False,29646.87546544259
495,9501,3095040,False,0.0,ENGLAND,2,5.0,33.0,0.0,True,7824.799930661337
496,9505,3095080,False,1315.5799495161837,ENGLAND,11,6.0,57.0,0.0,False,5336.817428436495
497,9520,3095230,False,1315.5799495161837,ENGLAND,4,5.0,30.0,0.0,False,29399.976438504247
498,9522,3095250,False,0.0,ENGLAND,1,8.0,91.0,0.0,True,24310.058037006096
499,9523,3095260,False,1360.1072708844238,SCOTLAND,4,5.0,156.0,0.0,True,23949.205613019287
500,9557,3095600,False,1116.6845008408677,ENGLAND,6,5.0,121.0,0.0,False,23189.516299362847
501,9591,3095940,False,2819.389030270837,ENGLAND,1,4.0,84.0,0.0,False,5089.918401498152
502,9598,3096010,False,0.0,ENGLAND,6,4.0,9.0,0.0,False,35154.62298945179
503,9657,3096600,False,2819.389030270837,ENGLAND,4,5.0,79.0,0.0,False,14624.01928788648
504,9663,3096660,False,0.0,SCOTLAND,10,8.0,77.0,376.0,False,21670.137672049965
505,9671,3096740,False,2067.4844898935103,ENGLAND,10,6.0,12.0,0.0,False,39617.797707183374
506,9673,3096760,False,1503.809080754653,ENGLAND,8,5.0,153.0,144.0,False,13674.407645815929
507,9708,3097110,False,1749.7213328565244,ENGLAND,1,7.0,19.0,0.0,False,27367.80752447327
508,9718,3097210,False,1609.0554767159479,ENGLAND,6,4.0,312.0,0.0,False,35933.30453594964
509,9729,3097320,False,0.0,NI,8,5.0,42.0,0.0,True,25354.630843283703
510,9760,3097630,False,1315.5799495161837,SCOTLAND,5,9.0,106.0,0.0,False,39389.89091308644
511,9784,3097870,False,1821.572237791639,ENGLAND,7,5.0,113.0,0.0,True,38535.24043522295
512,9807,3098100,False,1232.2531394829819,ENGLAND,8,4.0,97.0,0.0,False,25677.49880158769
513,9846,3098490,False,0.0,ENGLAND,3,5.0,19.0,0.0,True,36218.1880285708
514,9894,3098970,False,1467.3776359988203,SCOTLAND,3,6.0,107.0,0.0,True,29342.999739980016
515,9896,3098990,False,1315.5799495161837,ENGLAND,3,8.0,5.0,0.0,False,5089.918401498152
516,9969,3099720,False,1127.3508182777143,ENGLAND,0,7.0,120.0,0.0,False,16846.110530331567
517,9998,3100010,False,1315.5799495161837,ENGLAND,10,4.0,147.0,0.0,False,25240.677446235237
518,9999,3100020,False,1055.4999133425997,ENGLAND,8,3.0,6.0,0.0,False,52038.71798546617
519,10019,3100220,False,1315.5799495161837,ENGLAND,11,3.0,3.0,83.0,False,30121.681286477866
520,10060,3100630,False,0.0,ENGLAND,1,5.0,75.0,0.0,False,28944.162850310386
521,10103,3101060,False,1315.5799495161837,ENGLAND,3,6.0,6.0,0.0,False,25658.506568746277
522,10115,3101180,False,1503.809080754653,ENGLAND,7,4.0,78.0,77.0,False,24253.081338481865
523,10119,3101220,False,1315.5799495161837,ENGLAND,7,2.0,88.0,0.0,False,24765.87162519996
524,10135,3101380,False,1523.4415815397408,NI,7,6.0,39.0,0.0,False,20815.48719418647
525,10137,3101400,False,0.0,ENGLAND,7,9.0,31.0,0.0,False,73822.80905456461
526,10147,3101500,False,2067.4844898935103,SCOTLAND,1,10.0,15.0,138.0,False,14699.988219252124
527,10156,3101590,False,1503.809080754653,ENGLAND,11,5.0,147.0,59.0,False,7615.885369405816
528,10165,3101680,False,949.798124321857,NI,5,3.0,8.0,150.0,False,5982.553345044469
529,10172,3101750,False,2442.930767793898,NI,7,7.0,72.0,0.0,False,4197.283457951834
530,10178,3101810,False,2819.389030270837,NI,0,3.0,9.0,53.0,False,33977.104553284305
531,10189,3101920,False,1503.809080754653,NI,11,4.0,150.0,97.0,False,31565.090982425103
532,10263,3102660,False,0.0,SCOTLAND,7,5.0,26.0,0.0,False,24196.10463995763
533,10282,3102850,False,678.0296662891101,ENGLAND,3,5.0,106.0,0.0,True,59521.65772498211
534,10308,3103110,False,1147.7929067240427,ENGLAND,11,4.0,13.0,0.0,True,31280.20748980394
535,10325,3103280,False,0.0,ENGLAND,5,4.0,12.0,161.0,False,21138.355152490458
536,10333,3103360,False,0.0,WALES,8,6.0,100.0,0.0,False,27937.5745097156
537,10360,3103630,False,1127.3508182777143,ENGLAND,9,8.0,85.0,23.0,True,28393.388097909465
538,10369,3103720,False,1315.5799495161837,ENGLAND,8,5.0,16.0,0.0,False,13959.291138437095
539,10386,3103890,False,1691.0262274165716,NI,11,4.0,108.0,0.0,False,13541.462015926052
540,10410,3104130,False,2442.930767793898,ENGLAND,1,8.0,14.0,145.0,False,37148.807437799944
541,10424,3104270,False,1503.809080754653,ENGLAND,0,4.0,20.0,122.0,False,27120.90849753493
542,10451,3104540,False,1503.809080754653,SCOTLAND,10,7.0,217.0,0.0,False,28412.380330750875
543,10466,3104690,False,1503.809080754653,ENGLAND,7,5.0,271.0,0.0,False,83318.92547527011
544,10469,3104720,False,1127.3508182777143,ENGLAND,3,10.0,4.0,99.0,False,26513.157046609773
545,10471,3104740,False,1127.3508182777143,ENGLAND,3,8.0,6.0,321.0,False,33008.500678372344
546,10503,3105060,False,0.0,ENGLAND,0,5.0,119.0,0.0,True,13313.55522182912
547,10539,3105420,False,0.0,ENGLAND,1,5.0,119.0,0.0,False,27785.636646984312
548,10543,3105460,False,2442.930767793898,ENGLAND,2,5.0,7.0,0.0,False,32457.725925971423
549,10549,3105520,False,1127.3508182777143,ENGLAND,10,5.0,16.0,0.0,False,4197.283457951834
550,10570,3105730,False,1691.0262274165716,ENGLAND,7,4.0,7.0,0.0,False,27462.768688680324
551,10572,3105750,False,0.0,ENGLAND,8,5.0,177.0,60.0,False,53823.98787255881
552,10582,3105850,False,1127.3508182777143,ENGLAND,1,4.0,16.0,0.0,False,71752.65567485082
553,10592,3105950,False,2046.9310831437613,ENGLAND,5,2.0,95.0,80.0,False,11756.192128833418
554,10599,3106020,False,1295.0467824579657,ENGLAND,4,8.0,71.0,0.0,True,28735.248289054864
555,10605,3106080,False,2442.930767793898,NI,1,3.0,14.0,67.0,False,51734.8422600036
556,10643,3106460,False,1315.5799495161837,ENGLAND,10,6.0,138.0,0.0,False,38155.395778394726
557,10649,3106520,False,1011.9845765509106,ENGLAND,11,4.0,122.0,0.0,False,13237.586290463476
558,10732,3107350,False,1315.5799495161837,SCOTLAND,6,8.0,13.0,98.0,False,50234.45586553213
559,10744,3107470,False,1127.3508182777143,ENGLAND,5,5.0,5.0,437.0,False,42770.5083588576
560,10746,3107490,False,1170.0464475623974,ENGLAND,8,7.0,11.0,0.0,False,29361.991972821426
561,10768,3107710,False,2067.4844898935103,SCOTLAND,8,9.0,102.0,90.0,False,24575.94929678585
562,10782,3107850,False,1315.5799495161837,ENGLAND,11,7.0,11.0,0.0,False,30900.36283297572
563,10784,3107870,False,1691.0262274165716,ENGLAND,10,8.0,232.0,0.0,False,5089.918401498152
564,10812,3108150,False,1272.7628820823147,SCOTLAND,7,6.0,132.0,0.0,False,6723.250425859499
565,10816,3108190,True,2067.4844898935103,ENGLAND,10,5.0,188.0,0.0,False,13674.407645815929
566,10831,3108340,False,1315.5799495161837,SCOTLAND,7,3.0,17.0,345.0,False,15877.506655419607
567,10856,3108590,False,1503.809080754653,ENGLAND,7,7.0,18.0,0.0,False,15231.770738811632
568,10859,3108620,False,1315.5799495161837,ENGLAND,4,7.0,7.0,276.0,False,47993.37239024563
569,10865,3108680,False,0.0,ENGLAND,11,5.0,106.0,0.0,False,22733.702711168982
570,10867,3108700,False,0.0,ENGLAND,1,6.0,58.0,144.0,False,16827.118297490157
571,10888,3108910,False,2442.930767793898,ENGLAND,3,6.0,121.0,0.0,False,26949.978401962228
572,10929,3109320,True,1503.809080754653,ENGLAND,2,4.0,42.0,0.0,False,30197.65021784351
573,10932,3109350,False,1503.809080754653,WALES,10,5.0,49.0,230.0,False,30824.393901610074
574,10974,3109770,False,2276.965297239549,SCOTLAND,7,8.0,87.0,0.0,False,4349.221320683122
575,10978,3109810,False,870.3067358337831,ENGLAND,11,6.0,177.0,100.0,False,23588.353189032478
576,10983,3109860,False,0.0,ENGLAND,9,4.0,75.0,0.0,False,14168.205699692617
577,10986,3109890,False,1503.809080754653,ENGLAND,7,10.0,120.0,79.0,False,45391.43649097232
578,10990,3109930,False,1503.809080754653,ENGLAND,10,4.0,90.0,0.0,False,27937.5745097156
579,10997,3110000,False,2067.4844898935103,ENGLAND,2,5.0,15.0,380.0,False,28830.20945326192
580,11005,3110080,False,2067.4844898935103,NI,1,5.0,219.0,144.0,False,10787.588253921456
581,11027,3110300,False,1127.3508182777143,ENGLAND,1,8.0,93.0,0.0,False,30045.712355112224
582,11052,3110550,False,1691.0262274165716,SCOTLAND,7,4.0,348.0,286.0,False,22980.601738107325
583,11080,3110830,False,1127.3508182777143,NI,7,6.0,80.0,0.0,False,35116.63852376896
584,11082,3110850,False,0.0,ENGLAND,9,4.0,164.0,0.0,True,37300.74530053123
585,11097,3111000,False,1315.5799495161837,SCOTLAND,2,5.0,109.0,0.0,False,53880.964571083045
586,11123,3111260,False,0.0,ENGLAND,8,4.0,99.0,98.0,False,28735.248289054864
587,11133,3111360,False,1691.0262274165716,NI,11,4.0,114.0,150.0,False,29020.131781676027
588,11153,3111560,False,0.0,ENGLAND,9,6.0,39.0,0.0,True,18251.535760595983
589,11167,3111700,False,0.0,ENGLAND,6,7.0,89.0,0.0,False,44916.63066993705
590,11195,3111980,False,1691.0262274165716,SCOTLAND,2,4.0,99.0,0.0,True,22467.81145138923
591,11227,3112300,False,1127.3508182777143,NI,5,4.0,5.0,0.0,False,25848.42889716039
592,11232,3112350,False,1772.7642216645886,ENGLAND,7,7.0,67.0,230.0,False,33483.30649940762
593,11233,3112360,False,1503.809080754653,NI,3,6.0,52.0,104.0,True,13161.617359097832
594,11266,3112690,False,2819.389030270837,ENGLAND,1,6.0,6.0,0.0,True,11794.176594516239
595,11285,3112880,False,2067.4844898935103,ENGLAND,6,5.0,185.0,0.0,False,27063.931799010694
596,11286,3112890,False,1315.5799495161837,ENGLAND,11,6.0,10.0,0.0,False,19694.94545654322
597,11289,3112920,False,1503.809080754653,ENGLAND,1,4.0,94.0,0.0,False,29077.108480200262
598,11294,3112970,False,1127.3508182777143,WALES,10,7.0,15.0,78.0,False,21936.028931829722
599,11327,3113300,False,1127.3508182777143,NI,7,5.0,97.0,0.0,False,13959.291138437095
600,11332,3113350,False,2732.3583566874586,ENGLAND,4,4.0,53.0,0.0,False,37680.58995735945
601,11374,3113770,False,2442.930767793898,SCOTLAND,2,2.0,242.0,0.0,False,19808.898853591687
602,11377,3113800,False,1691.0262274165716,NI,5,3.0,20.0,0.0,True,29361.991972821426
603,11442,3114450,False,1315.5799495161837,ENGLAND,10,6.0,9.0,0.0,False,7406.970808150295
604,11443,3114460,False,1127.3508182777143,SCOTLAND,1,7.0,103.0,0.0,False,26532.149279451187
605,11466,3114690,False,1582.3390838950036,WALES,2,7.0,84.0,0.0,False,32742.609418592587
606,11471,3114740,False,1691.0262274165716,ENGLAND,11,6.0,88.0,0.0,False,25867.4211300018
607,11496,3114990,False,1366.1791783437293,ENGLAND,11,7.0,61.0,92.0,False,23721.298818922354
608,11540,3115430,False,1127.3508182777143,ENGLAND,2,5.0,10.0,122.0,True,24575.94929678585
609,11543,3115460,False,1446.1259598912511,SCOTLAND,6,5.0,16.0,0.0,False,69739.47899366124
610,11573,3115760,False,1315.5799495161837,NI,6,5.0,220.0,0.0,False,30444.549244781854
611,11640,3116430,False,2995.828541192488,ENGLAND,10,5.0,127.0,82.0,False,36332.141425619266
612,11653,3116560,False,1750.7333174330752,SCOTLAND,1,3.0,370.0,70.0,True,31242.22302412112
613,11659,3116620,False,2067.4844898935103,SCOTLAND,1,6.0,16.0,138.0,False,14643.01152072789
614,11660,3116630,False,1218.4395500130618,ENGLAND,7,4.0,7.0,78.0,False,60870.1062567223
615,11760,3117630,False,1503.809080754653,ENGLAND,4,6.0,106.0,87.0,True,35021.67735956191
616,11790,3117930,False,1503.809080754653,WALES,9,8.0,74.0,0.0,False,15877.506655419607
617,11823,3118260,False,1315.5799495161837,SCOTLAND,6,4.0,139.0,0.0,False,32628.65602154412
618,11844,3118470,False,1691.0262274165716,ENGLAND,11,4.0,22.0,0.0,False,10502.70476130029
619,11847,3118500,False,1691.0262274165716,ENGLAND,7,6.0,290.0,0.0,False,30805.401668768664
620,11869,3118720,False,1415.968819510034,SCOTLAND,11,5.0,8.0,0.0,False,27481.760921521738
621,11872,3118750,False,1691.0262274165716,SCOTLAND,5,6.0,29.0,0.0,False,8242.629053172379
622,11918,3119210,False,1127.3508182777143,ENGLAND,6,4.0,55.0,0.0,False,22144.94349308524
623,11928,3119310,False,2819.389030270837,ENGLAND,11,4.0,93.0,0.0,True,32077.881269143203
624,11932,3119350,False,1503.809080754653,ENGLAND,10,6.0,59.0,213.0,False,25848.42889716039
625,11982,3119850,False,2067.4844898935103,SCOTLAND,10,4.0,7.0,126.0,True,19543.007593811933
626,11988,3119910,False,1420.8263454774785,ENGLAND,5,3.0,114.0,0.0,False,23607.345421873888
627,12000,3120030,False,1315.5799495161837,ENGLAND,4,3.0,113.0,89.0,True,18935.25614288678
628,12024,3120270,False,2819.389030270837,ENGLAND,11,3.0,59.0,0.0,False,5336.817428436495
629,12028,3120310,False,1503.809080754653,ENGLAND,6,9.0,12.0,614.0,False,15421.693067225742
630,12029,3120320,False,0.0,ENGLAND,10,4.0,65.0,0.0,False,5982.553345044469
631,12031,3120340,False,978.5890855247305,ENGLAND,6,8.0,16.0,0.0,True,32647.64825438553
632,12035,3120380,False,1503.809080754653,ENGLAND,0,7.0,16.0,92.0,False,70708.0828685732
633,12102,3121050,False,1503.809080754653,SCOTLAND,2,4.0,13.0,0.0,False,33692.221060663134
634,12122,3121250,False,1583.017113561293,ENGLAND,10,5.0,50.0,0.0,False,20226.727976102728
635,12181,3121840,False,1127.3508182777143,ENGLAND,11,9.0,4.0,0.0,False,25544.55317169781
636,12186,3121890,False,1127.3508182777143,ENGLAND,7,5.0,102.0,0.0,False,41744.92778542141
637,12196,3121990,False,967.7507307098703,ENGLAND,1,4.0,9.0,150.0,False,21689.12990489138
638,12201,3122040,False,1446.5914727964646,NI,10,4.0,52.0,0.0,False,24101.143475750578
639,12224,3122270,False,1691.0262274165716,ENGLAND,6,5.0,110.0,0.0,False,25107.73181634536
640,12227,3122300,False,1691.0262274165716,ENGLAND,8,5.0,272.0,0.0,True,25487.57647317358
641,12234,3122370,False,2756.7067055992734,SCOTLAND,7,5.0,8.0,102.0,False,14491.073657996603
642,12235,3122380,False,1503.809080754653,NI,5,8.0,17.0,63.0,True,39256.94528319656
643,12242,3122450,False,880.4265815992921,NI,1,10.0,6.0,0.0,False,20663.549331455182
644,12297,3123000,False,1127.3508182777143,ENGLAND,11,7.0,54.0,110.0,True,44916.63066993705
645,12312,3123150,False,725.5929413870028,ENGLAND,4,6.0,43.0,98.0,False,27329.823058790447
646,12345,3123480,False,1127.3508182777143,ENGLAND,1,2.0,137.0,0.0,False,28393.388097909465
647,12362,3123650,False,0.0,SCOTLAND,6,6.0,12.0,0.0,False,5089.918401498152
648,12387,3123900,False,2442.930767793898,SCOTLAND,10,9.0,16.0,98.0,False,29210.05411009014
649,12396,3123990,False,1195.6901367321973,ENGLAND,4,5.0,12.0,59.0,False,23512.384257666836
650,12414,3124170,False,1732.2241195279591,ENGLAND,8,5.0,6.0,0.0,True,39864.69673412172
651,12429,3124320,False,1315.5799495161837,SCOTLAND,4,4.0,7.0,98.0,True,24632.925995310085
652,12458,3124610,False,1691.0262274165716,SCOTLAND,8,6.0,14.0,65.0,True,32438.733693130012
653,12486,3124890,False,1691.0262274165716,SCOTLAND,8,5.0,29.0,89.0,False,5564.724222533427
654,12508,3125110,False,1315.5799495161837,ENGLAND,1,5.0,113.0,0.0,False,33635.2443621389
655,12520,3125230,False,1315.5799495161837,ENGLAND,10,5.0,184.0,0.0,True,9325.186325132807
656,12540,3125430,False,1883.6473717172719,ENGLAND,5,8.0,117.0,0.0,True,24424.011434054562
657,12555,3125580,False,1691.0262274165716,ENGLAND,2,9.0,27.0,0.0,False,20644.55709861377
658,12561,3125640,False,1691.0262274165716,ENGLAND,5,5.0,8.0,0.0,True,26513.157046609773
659,12566,3125690,False,2991.4264082844916,ENGLAND,11,3.0,39.0,138.0,False,27956.56674255701
660,12568,3125710,False,1315.5799495161837,ENGLAND,6,3.0,9.0,0.0,True,36028.26570015669
661,12569,3125720,False,1691.0262274165716,ENGLAND,2,4.0,77.0,0.0,False,29115.092945883083
662,12593,3125960,False,1127.3508182777143,NI,8,5.0,51.0,0.0,False,24993.778419296894
663,12614,3126170,False,1127.3508182777143,ENGLAND,1,3.0,86.0,0.0,False,20321.689140309783
664,12620,3126230,False,1277.8430446566003,NI,1,5.0,92.0,96.0,False,16466.265873503347
665,12633,3126360,False,1127.3508182777143,NI,2,4.0,7.0,368.0,False,26475.172580926952
666,12691,3126940,False,2067.4844898935103,NI,10,5.0,107.0,0.0,True,28431.372563592286
667,12697,3127000,False,1793.5301451754133,NI,2,6.0,41.0,0.0,True,35686.405509011296
668,12701,3127040,False,1740.4717938268489,SCOTLAND,10,6.0,14.0,0.0,False,34679.81716841651
669,12746,3127490,False,0.0,ENGLAND,11,4.0,42.0,0.0,True,32989.50844553093
670,12776,3127790,False,955.3134402640595,ENGLAND,11,3.0,15.0,0.0,False,23512.384257666836
671,12796,3127990,False,0.0,SCOTLAND,10,10.0,6.0,120.0,False,29969.74342374658
672,12811,3128140,False,0.0,ENGLAND,6,3.0,117.0,0.0,False,35287.56861934166
673,12817,3128200,False,1691.0262274165716,ENGLAND,1,5.0,86.0,258.0,False,11224.40960927391
674,12833,3128360,False,1127.3508182777143,ENGLAND,10,5.0,33.0,121.0,False,23664.322120398123
675,12835,3128380,False,1127.3508182777143,ENGLAND,3,4.0,86.0,282.0,True,87041.40311218667
676,12892,3128950,False,1127.3508182777143,SCOTLAND,1,4.0,97.0,0.0,False,23740.29105176377
677,12932,3129350,False,1607.527380005356,ENGLAND,6,4.0,69.0,0.0,False,5982.553345044469
678,13032,3130350,False,1127.3508182777143,ENGLAND,11,4.0,16.0,0.0,True,24291.065804164686
679,13065,3130680,False,2442.930767793898,SCOTLAND,5,10.0,59.0,0.0,False,24139.1279414334
680,13078,3130810,False,0.0,ENGLAND,8,5.0,3.0,109.0,False,24993.778419296894
681,13094,3130970,False,2442.930767793898,ENGLAND,10,6.0,13.0,0.0,True,29456.953137028482
682,13128,3131310,False,1430.2782814224638,SCOTLAND,7,3.0,112.0,0.0,False,24822.848323724193
683,13134,3131370,False,455.39305944790976,SCOTLAND,2,2.0,102.0,0.0,False,22068.9745617196
684,13147,3131500,False,0.0,ENGLAND,6,10.0,8.0,0.0,False,38877.100626368345
685,13153,3131560,False,1127.3508182777143,ENGLAND,2,5.0,96.0,0.0,False,15288.747437335865
686,13161,3131640,False,1315.5799495161837,ENGLAND,0,9.0,24.0,138.0,False,26456.18034808554
687,13181,3131840,False,1503.809080754653,ENGLAND,8,5.0,39.0,0.0,False,24215.09687279904
688,13200,3132030,False,1315.5799495161837,ENGLAND,4,5.0,272.0,0.0,False,21898.044466146897
689,13236,3132390,False,1127.3508182777143,ENGLAND,2,5.0,10.0,67.0,False,41137.17633449625
690,13285,3132880,False,1626.6640083479338,WALES,11,3.0,53.0,0.0,True,26152.304622622967
691,13343,3133460,False,1503.809080754653,NI,2,5.0,84.0,0.0,False,28222.458002336767
692,13344,3133470,False,1530.1206797449768,ENGLAND,4,2.0,70.0,95.0,False,21214.324083856103
693,13345,3133480,True,1503.809080754653,ENGLAND,8,5.0,12.0,77.0,False,36674.00161676467
694,13369,3133720,False,1691.0262274165716,ENGLAND,1,10.0,0.0,0.0,True,37566.63656031098
695,13387,3133900,False,2067.4844898935103,ENGLAND,11,6.0,168.0,0.0,True,26968.970634803638
696,13450,3134530,False,1127.3508182777143,ENGLAND,5,9.0,12.0,0.0,False,29589.89876691836
697,13452,3134550,False,0.0,ENGLAND,5,4.0,103.0,120.0,False,24556.95706394444
698,13455,3134580,False,1691.0262274165716,SCOTLAND,5,3.0,120.0,0.0,False,20644.55709861377
699,13498,3135010,False,1315.5799495161837,ENGLAND,1,3.0,10.0,86.0,False,30368.58031341621
700,13507,3135100,False,0.0,ENGLAND,8,8.0,87.0,253.0,False,47708.48889762446
701,13524,3135270,False,1214.3814918610926,ENGLAND,4,8.0,74.0,0.0,False,16485.258106344758
702,13540,3135430,False,1691.0262274165716,SCOTLAND,10,5.0,328.0,98.0,True,8242.629053172379
703,13552,3135550,False,1315.5799495161837,ENGLAND,10,4.0,54.0,109.0,False,26532.149279451187
704,13604,3136070,False,2819.389030270837,ENGLAND,11,6.0,98.0,0.0,True,42428.64816771221
705,13605,3136080,False,1503.809080754653,ENGLAND,0,5.0,86.0,0.0,False,34337.95697727111
706,13607,3136100,False,1503.809080754653,ENGLAND,11,8.0,106.0,0.0,False,10502.70476130029
707,13624,3136270,False,1720.373780136548,ENGLAND,11,4.0,29.0,0.0,False,32172.842433350255
708,13625,3136280,False,2442.930767793898,ENGLAND,6,5.0,8.0,0.0,False,24461.995899737387
709,13641,3136440,False,1127.3508182777143,ENGLAND,10,4.0,89.0,0.0,True,28716.256056213453
710,13660,3136630,False,0.0,ENGLAND,3,5.0,8.0,109.0,True,40966.24623892356
711,13673,3136760,False,1127.3508182777143,ENGLAND,6,3.0,24.0,0.0,False,23322.461929252724
712,13679,3136820,False,941.1456561923468,WALES,1,4.0,72.0,66.0,False,27937.5745097156
713,13688,3136910,False,1347.963455965813,ENGLAND,6,5.0,140.0,0.0,False,14206.190165375438
714,13735,3137380,False,1315.5799495161837,ENGLAND,2,6.0,8.0,0.0,False,11794.176594516239
715,13788,3137910,False,1127.3508182777143,ENGLAND,2,3.0,89.0,0.0,False,30482.533710464675
716,13789,3137920,False,1127.3508182777143,ENGLAND,8,7.0,22.0,0.0,True,26532.149279451187
717,13798,3138010,False,0.0,ENGLAND,10,5.0,123.0,0.0,False,37205.784136324175
718,13820,3138230,False,1127.3508182777143,ENGLAND,8,5.0,164.0,0.0,False,28127.49683812971
719,13870,3138730,False,0.0,ENGLAND,2,8.0,3.0,0.0,False,70822.03626562167
720,13874,3138770,False,1315.5799495161837,ENGLAND,10,4.0,7.0,88.0,False,20796.49496134506
721,13884,3138870,False,1315.5799495161837,ENGLAND,10,5.0,7.0,127.0,True,29589.89876691836
722,13892,3138950,False,1497.7371732953477,NI,3,3.0,29.0,138.0,True,15896.498888261018
723,13922,3139250,False,0.0,NI,11,8.0,98.0,117.0,False,5982.553345044469
724,13937,3139400,True,1127.3508182777143,ENGLAND,0,6.0,107.0,206.0,True,24575.94929678585
725,13977,3139800,False,1691.0262274165716,WALES,11,4.0,32.0,100.0,True,6115.498974934347
726,13982,3139850,False,1821.572237791639,ENGLAND,5,4.0,15.0,0.0,False,26456.18034808554
727,13983,3139860,False,1503.809080754653,ENGLAND,2,3.0,2.0,0.0,False,33540.28319793185
728,13995,3139980,False,2442.930767793898,ENGLAND,7,5.0,80.0,0.0,True,24367.03473553033
729,14001,3140040,False,2094.808073460385,ENGLAND,1,6.0,94.0,189.0,False,22600.757081279105
730,14006,3140090,False,1127.3508182777143,SCOTLAND,8,7.0,87.0,0.0,False,26968.970634803638
731,14066,3140690,False,2819.389030270837,ENGLAND,0,5.0,71.0,97.0,False,4501.15918341441
732,14087,3140900,False,1649.9497734543702,SCOTLAND,3,8.0,67.0,0.0,False,25506.56870601499
733,14111,3141140,False,1127.3508182777143,NI,10,2.0,9.0,0.0,False,6172.475673458579
734,14125,3141280,False,1127.3508182777143,ENGLAND,8,5.0,418.0,0.0,False,23037.57843663156
735,14146,3141490,False,1315.5799495161837,ENGLAND,9,7.0,96.0,0.0,False,44916.63066993705
736,14152,3141550,False,1503.809080754653,SCOTLAND,4,7.0,59.0,0.0,False,25183.700747711002
737,14193,3141960,False,1503.809080754653,ENGLAND,5,5.0,17.0,0.0,False,17586.8076111466
738,14214,3142170,False,1278.612152934779,NI,4,10.0,108.0,82.0,False,54469.72378916678
739,14220,3142230,False,2067.4844898935103,ENGLAND,5,3.0,25.0,0.0,False,25696.491034429102
740,14260,3142630,False,2067.4844898935103,ENGLAND,4,3.0,93.0,651.0,False,19732.92992222604
741,14266,3142690,False,1691.0262274165716,ENGLAND,8,4.0,14.0,0.0,False,28773.232754737684
742,14310,3143130,False,2712.1186651564403,ENGLAND,1,5.0,28.0,67.0,False,49626.704414606975
743,14313,3143160,False,1127.3508182777143,SCOTLAND,10,5.0,91.0,99.0,False,28773.232754737684
744,14345,3143480,False,1264.9807206886383,ENGLAND,5,10.0,3.0,0.0,False,26247.26578683002
745,14359,3143620,False,1503.809080754653,ENGLAND,10,7.0,106.0,97.0,False,71030.95082687719
746,14370,3143730,False,1503.809080754653,SCOTLAND,1,7.0,88.0,92.0,False,26608.11821081683
747,14374,3143770,False,1315.5799495161837,SCOTLAND,3,6.0,7.0,121.0,True,33749.19775918737
748,14377,3143800,False,1503.809080754653,ENGLAND,5,5.0,39.0,146.0,False,43188.337481368646
749,14413,3144160,False,1315.5799495161837,ENGLAND,8,6.0,4.0,0.0,True,24917.80948793125
750,14418,3144210,False,1241.027045761678,NI,11,6.0,32.0,0.0,False,27424.784222997503
751,14438,3144410,False,1127.3508182777143,ENGLAND,8,4.0,33.0,50.0,False,27937.5745097156
752,14443,3144460,False,322.3980463975891,ENGLAND,8,7.0,93.0,0.0,False,35211.59968797602
753,14479,3144820,False,1127.3508182777143,ENGLAND,10,4.0,6.0,28.0,False,27025.947333327873
754,14541,3145440,False,1315.5799495161837,ENGLAND,6,6.0,9.0,0.0,False,43093.37631716159
755,14560,3145630,False,880.4265815992921,ENGLAND,6,5.0,9213.0,0.0,False,13085.648427732189
756,14563,3145660,False,1163.7822630335472,ENGLAND,2,7.0,68.0,0.0,True,27310.830825949037
757,14620,3146230,False,1315.5799495161837,SCOTLAND,1,2.0,82.0,0.0,False,26646.102676499653
758,14659,3146620,False,2099.999554338091,WALES,11,5.0,151.0,65.0,False,33996.096786125716
759,14660,3146630,False,1503.809080754653,ENGLAND,7,9.0,8.0,0.0,False,24993.778419296894
760,14662,3146650,False,2442.930767793898,ENGLAND,2,9.0,127.0,0.0,False,26589.12597797542
761,14672,3146750,False,1691.0262274165716,ENGLAND,10,3.0,105.0,0.0,True,39845.70450128031
762,14680,3146830,False,1503.809080754653,ENGLAND,9,9.0,97.0,142.0,False,21936.028931829722
763,14708,3147110,False,2067.4844898935103,ENGLAND,11,6.0,11.0,0.0,False,32438.733693130012
764,14750,3147530,False,1691.0262274165716,ENGLAND,1,5.0,7.0,127.0,False,26874.009470596582
765,14762,3147650,False,1127.3508182777143,ENGLAND,7,5.0,29.0,0.0,True,24594.941529627264
766,14789,3147920,False,2647.726086550506,NI,7,3.0,3.0,67.0,False,46341.048133042874
767,14808,3148110,False,1691.0262274165716,NI,6,4.0,105.0,0.0,True,15839.522189736785
768,14812,3148150,False,0.0,ENGLAND,2,3.0,12.0,0.0,False,48829.030635267714
769,14824,3148270,False,0.0,ENGLAND,5,7.0,54.0,59.0,False,20986.41728975917
770,14888,3148910,False,1127.3508182777143,ENGLAND,7,7.0,16.0,85.0,False,17282.931885684022
771,14914,3149170,False,775.7165374635695,ENGLAND,0,4.0,14.0,0.0,False,26171.296855464378
772,14915,3149180,False,1315.5799495161837,NI,5,4.0,157.0,173.0,True,14016.267836961328
773,14936,3149390,False,0.0,ENGLAND,3,2.0,5.0,68.0,False,23151.531833680026
774,14941,3149440,False,1127.3508182777143,ENGLAND,11,6.0,9.0,0.0,False,20853.471659869294
775,14942,3149450,False,0.0,ENGLAND,6,4.0,29.0,121.0,False,44574.77047879165
776,14947,3149500,False,2256.9684820069024,ENGLAND,11,3.0,16.0,0.0,True,76215.8303925824
777,14949,3149520,False,1127.3508182777143,ENGLAND,3,9.0,93.0,0.0,False,26494.164813768362
778,14985,3149880,False,1127.3508182777143,ENGLAND,3,3.0,8.0,66.0,False,22866.64834105886
779,14990,3149930,False,1655.5055687796346,ENGLAND,10,10.0,20.0,0.0,False,15079.832876080345
780,15010,3150130,False,1922.77069544673,ENGLAND,2,5.0,7.0,132.0,False,6875.188288590787
781,15035,3150380,False,1503.809080754653,ENGLAND,11,5.0,13.0,0.0,False,39123.99965330669
782,15072,3150750,False,1315.5799495161837,ENGLAND,10,10.0,19.0,0.0,False,25240.677446235237
783,15117,3151200,False,2067.4844898935103,ENGLAND,3,4.0,80.0,0.0,False,20720.526029979417
784,15120,3151230,False,1691.0262274165716,NI,11,4.0,27.0,148.0,False,23493.39202482542
785,15144,3151470,False,2442.930767793898,ENGLAND,2,8.0,12.0,0.0,False,25145.71628202818
786,15163,3151660,False,1503.809080754653,NI,5,5.0,11.0,0.0,False,36009.27346731528
787,15170,3151730,False,1264.9807206886383,ENGLAND,4,6.0,107.0,64.0,True,4824.027141718398
788,15191,3151940,False,1503.809080754653,ENGLAND,0,8.0,94.0,0.0,False,14491.073657996603
789,15198,3152010,False,0.0,ENGLAND,8,10.0,120.0,0.0,False,38706.17053079564
790,15205,3152080,False,2819.389030270837,ENGLAND,10,7.0,91.0,0.0,False,34660.824935575096
791,15216,3152190,True,1315.5799495161837,ENGLAND,9,5.0,73.0,98.0,False,25677.49880158769
792,15226,3152290,False,1503.809080754653,NI,8,4.0,28.0,0.0,True,20644.55709861377
793,15231,3152340,False,1691.0262274165716,ENGLAND,3,6.0,7.0,0.0,False,35116.63852376896
794,15302,3153050,False,1503.809080754653,SCOTLAND,6,3.0,175.0,0.0,True,10027.898940265015
795,15308,3153110,False,1475.4330332281656,ENGLAND,0,6.0,12.0,0.0,False,72056.53140031338
796,15311,3153140,False,1315.5799495161837,NI,1,5.0,116.0,0.0,False,31584.083215266513
797,15322,3153250,False,1127.3508182777143,ENGLAND,5,3.0,7.0,0.0,False,32362.764761764367
798,15327,3153300,False,2442.930767793898,ENGLAND,4,6.0,97.0,0.0,False,27519.74538720456
799,15344,3153470,False,1127.3508182777143,ENGLAND,4,2.0,8.0,0.0,False,30425.557011940444
800,15353,3153560,False,1503.809080754653,ENGLAND,0,6.0,177.0,0.0,False,22809.671642534628
801,15369,3153720,False,3009.9457260353734,SCOTLAND,10,7.0,108.0,0.0,False,36218.1880285708
802,15397,3154000,False,1194.1418003300744,ENGLAND,6,6.0,14.0,62.0,False,18726.34158163126
803,15420,3154230,False,1127.3508182777143,ENGLAND,6,6.0,5.0,52.0,False,33293.38417099351
804,15448,3154510,False,1127.3508182777143,ENGLAND,7,4.0,115.0,0.0,True,31147.261859914062
805,15462,3154650,False,2110.493834396924,ENGLAND,2,5.0,10.0,0.0,False,25753.467732953333
806,15484,3154870,False,1127.3508182777143,ENGLAND,9,5.0,46.0,0.0,False,23208.508532204258
807,15508,3155110,False,1127.3508182777143,ENGLAND,9,5.0,10.0,0.0,True,34926.71619535486
808,15533,3155370,False,168.43471292113355,ENGLAND,3,5.0,87.0,0.0,False,33312.37640383492
809,15545,3155490,False,1127.3508182777143,ENGLAND,7,6.0,139.0,0.0,False,38706.17053079564
810,15603,3156070,False,1127.3508182777143,ENGLAND,5,3.0,64.0,93.0,False,8242.629053172379
811,15608,3156120,False,0.0,SCOTLAND,1,4.0,157.0,0.0,False,78570.86726491737
812,15610,3156140,False,1654.5947826607387,ENGLAND,9,6.0,22.0,0.0,False,30045.712355112224
813,15624,3156280,False,1503.809080754653,ENGLAND,7,4.0,96.0,67.0,True,4368.213553524533
814,15631,3156350,False,0.0,SCOTLAND,11,6.0,6.0,0.0,False,21936.028931829722
815,15658,3156620,False,2442.930767793898,SCOTLAND,4,6.0,261.0,0.0,True,9420.147489339863
816,15675,3156790,False,1315.5799495161837,NI,10,9.0,133.0,0.0,False,10141.852337313481
817,15697,3157010,False,0.0,NI,1,5.0,7.0,0.0,False,20017.81341484721
818,15736,3157400,False,985.2479440384355,ENGLAND,2,8.0,7.0,82.0,False,43321.28311125852
819,15741,3157450,False,2067.4844898935103,ENGLAND,7,5.0,12.0,0.0,False,30159.66575216069
820,15770,3157740,False,1503.809080754653,NI,8,5.0,8.0,0.0,False,26019.358992733087
821,15813,3158170,False,1691.2488640234128,ENGLAND,10,6.0,155.0,0.0,False,44650.73941015729
822,15821,3158250,False,0.0,ENGLAND,7,5.0,69.0,0.0,False,24993.778419296894
823,15825,3158290,False,1426.8982529367838,ENGLAND,4,4.0,75.0,0.0,False,29305.015274297195
824,15844,3158480,False,0.0,ENGLAND,4,7.0,83.0,0.0,False,7976.7377933926255
825,15858,3158620,False,1127.3508182777143,ENGLAND,1,7.0,120.0,161.0,False,33274.3919381521
826,15860,3158640,False,1184.0219545645652,ENGLAND,11,6.0,58.0,75.0,True,24575.94929678585
827,15891,3158950,False,1127.3508182777143,ENGLAND,10,6.0,126.0,95.0,False,37110.82297211712
828,15935,3159390,False,1127.3508182777143,ENGLAND,6,5.0,288.0,0.0,True,41232.13749870331
829,15949,3159530,False,1147.7524273409808,ENGLAND,1,4.0,4.0,81.0,True,22733.702711168982
830,15954,3159580,False,1503.809080754653,ENGLAND,7,4.0,170.0,0.0,False,13275.570756146299
831,15957,3159610,False,1691.0262274165716,SCOTLAND,0,5.0,61.0,0.0,False,32305.788063240132
832,15963,3159670,False,1503.809080754653,ENGLAND,11,1.0,89.0,67.0,False,27937.5745097156
833,16024,3160280,False,1062.5838053784562,ENGLAND,4,6.0,11.0,0.0,False,26874.009470596582
834,16090,3160940,False,1902.5310039157118,SCOTLAND,8,5.0,110.0,0.0,True,29798.81332817388
835,16100,3161040,False,1142.5710663090401,ENGLAND,2,6.0,14.0,70.0,False,27329.823058790447
836,16157,3161610,False,931.0258104268377,ENGLAND,7,4.0,166.0,0.0,False,34318.9647444297
837,16160,3161640,False,1315.5799495161837,ENGLAND,9,7.0,9.0,0.0,False,38953.06955773399
838,16185,3161890,False,262.306402241996,SCOTLAND,5,10.0,142.0,0.0,True,21499.207576477267
839,16195,3161990,False,1315.5799495161837,ENGLAND,8,6.0,5.0,0.0,False,21461.223110794446
840,16213,3162170,False,1127.3508182777143,ENGLAND,7,3.0,10.0,96.0,True,70271.26151322074
841,16222,3162260,False,1503.809080754653,ENGLAND,9,5.0,23.0,0.0,False,23664.322120398123
842,16225,3162290,False,0.0,ENGLAND,11,7.0,101.0,0.0,False,22106.95902740242
843,16232,3162360,False,0.0,ENGLAND,8,4.0,10.0,83.0,True,36730.9783152889
844,16236,3162400,False,2819.389030270837,ENGLAND,10,7.0,37.0,0.0,False,43891.050096500854
845,16237,3162410,False,2327.5645260670944,ENGLAND,7,5.0,86.0,0.0,False,49246.85975777876
846,16243,3162470,False,1594.6549361916284,ENGLAND,4,9.0,4.0,0.0,False,5089.918401498152
847,16249,3162530,False,1127.3508182777143,ENGLAND,7,4.0,108.0,0.0,True,24936.80172077266
848,16255,3162590,False,0.0,ENGLAND,7,6.0,184.0,0.0,True,25373.623076125114
849,16259,3162630,False,1127.3508182777143,NI,7,3.0,130.0,203.0,False,37870.51228577356
850,16332,3163360,False,1326.458783714106,ENGLAND,9,8.0,11.0,0.0,True,27063.931799010694
851,16337,3163410,False,2067.4844898935103,ENGLAND,10,4.0,100.0,0.0,False,25696.491034429102
852,16353,3163570,False,1315.5799495161837,SCOTLAND,1,8.0,104.0,0.0,False,44232.91028764625
853,16369,3163730,False,0.0,NI,4,6.0,10.0,127.0,False,64174.75477112782
854,16371,3163750,False,1315.5799495161837,ENGLAND,10,5.0,18.0,0.0,False,26684.087142182474
855,16383,3163870,False,2067.4844898935103,ENGLAND,5,7.0,100.0,0.0,False,33654.23659498031
856,16426,3164300,False,1315.5799495161837,ENGLAND,0,7.0,22.0,126.0,False,25126.72404918677
857,16439,3164430,False,72.86288951166556,ENGLAND,5,4.0,28.0,0.0,True,31811.990009363446
858,16456,3164600,False,121.43814918610927,ENGLAND,6,8.0,416.0,0.0,False,9610.069817753973
859,16457,3164610,False,2819.389030270837,SCOTLAND,7,5.0,93.0,121.0,False,40339.50255515699
860,16505,3165100,False,1691.0262274165716,ENGLAND,10,4.0,45.0,0.0,True,284370.7023344471
861,16540,3165450,False,1127.3508182777143,ENGLAND,4,6.0,73.0,0.0,False,19694.94545654322
862,16564,3165690,False,2442.930767793898,WALES,10,5.0,19.0,0.0,False,26513.157046609773
863,16571,3165760,False,1315.5799495161837,ENGLAND,4,6.0,114.0,0.0,False,26874.009470596582
864,16587,3165920,False,1127.3508182777143,ENGLAND,9,5.0,9.0,713.0,True,4216.275690793245
865,16593,3165980,False,1691.0262274165716,ENGLAND,1,8.0,29.0,0.0,False,32381.756994605777
866,16600,3166050,False,1315.5799495161837,ENGLAND,2,4.0,10.0,80.0,False,53748.018941193164
867,16638,3166430,False,1113.3550715840154,ENGLAND,7,3.0,885.0,71.0,False,28811.21722042051
868,16639,3166440,False,1052.5347985333055,ENGLAND,10,6.0,25.0,0.0,False,26646.102676499653
869,16673,3166790,False,2067.4844898935103,SCOTLAND,11,5.0,339.0,0.0,False,23284.477463569903
870,16680,3166860,False,1127.3508182777143,ENGLAND,10,10.0,112.0,0.0,True,22790.679409693217
871,16694,3167000,False,1593.8757080676842,SCOTLAND,10,7.0,85.0,0.0,False,60680.183928308186
872,16736,3167420,False,1659.6547055434933,ENGLAND,7,6.0,118.0,89.0,True,28545.325960640752
873,16746,3167520,False,1315.5799495161837,SCOTLAND,11,6.0,50.0,0.0,False,40548.417116412515
874,16753,3167590,False,1636.3385808997605,ENGLAND,4,5.0,5.0,0.0,True,13332.547454670532
875,16780,3167860,False,1503.809080754653,ENGLAND,1,3.0,132.0,0.0,False,34034.08125180854
876,16793,3167990,False,1315.5799495161837,ENGLAND,11,3.0,88.0,0.0,False,19694.94545654322
877,16839,3168450,False,1199.4951987400289,ENGLAND,0,5.0,2.0,0.0,False,14301.151329582493
878,16842,3168480,False,1127.3508182777143,ENGLAND,5,7.0,67.0,0.0,False,26038.3512255745
879,16874,3168800,False,2487.9843211419447,ENGLAND,5,4.0,33.0,91.0,False,12344.951346917158
880,16877,3168830,False,1503.809080754653,ENGLAND,4,8.0,32.0,0.0,False,26911.993936279407
881,16926,3169320,False,1315.5799495161837,ENGLAND,6,4.0,79.0,0.0,False,13427.508618877586
882,16936,3169420,False,1581.7318931490731,ENGLAND,3,5.0,95.0,0.0,False,24993.778419296894
883,16941,3169470,False,0.0,ENGLAND,11,5.0,61.0,0.0,True,39750.743337073254
884,16946,3169520,False,0.0,ENGLAND,10,5.0,5.0,213.0,False,30729.432737403018
885,16948,3169540,False,1315.5799495161837,SCOTLAND,7,4.0,31.0,161.0,False,31603.075448107928
886,16950,3169560,False,0.0,NI,10,6.0,30.0,127.0,False,29988.73565658799
887,16957,3169630,False,1641.4288633198114,ENGLAND,7,9.0,15.0,138.0,False,29039.124014517438
888,16963,3169690,False,1503.809080754653,ENGLAND,10,4.0,107.0,0.0,False,11794.176594516239
889,16970,3169760,False,1503.809080754653,ENGLAND,7,6.0,40.0,0.0,False,28469.35702927511
890,17015,3170210,False,1503.809080754653,ENGLAND,6,9.0,5.0,0.0,False,42295.702537822326
891,17023,3170290,False,890.5464273648013,ENGLAND,0,3.0,53.0,0.0,False,23265.485230728493
892,17035,3170410,False,1503.809080754653,ENGLAND,2,4.0,46.0,107.0,False,27557.72985288738
893,17063,3170690,False,1691.0262274165716,SCOTLAND,5,7.0,7.0,0.0,True,23968.197845860697
894,17079,3170850,False,2442.930767793898,ENGLAND,7,6.0,94.0,163.0,False,11566.269800419308
895,17126,3171320,False,1315.5799495161837,NI,10,7.0,24.0,170.0,False,25962.382294208855
896,17165,3171710,False,1315.5799495161837,SCOTLAND,1,7.0,81.0,0.0,False,21309.285248063155
897,17208,3172140,False,792.1511669867563,NI,11,6.0,12.0,91.0,False,31033.308462865596
898,17225,3172310,False,0.0,SCOTLAND,10,10.0,4.0,0.0,True,24689.902693834316
899,17288,3172940,False,442.6420537833683,ENGLAND,10,5.0,18.0,0.0,False,24101.143475750578
900,17299,3173050,False,0.0,ENGLAND,11,5.0,111.0,0.0,False,25031.762884979715
901,17331,3173370,False,2442.930767793898,ENGLAND,11,6.0,16.0,27.0,True,26323.234718195665
902,17436,3174420,False,1127.3508182777143,ENGLAND,10,5.0,277.0,0.0,False,28412.380330750875
903,17438,3174440,False,2067.4844898935103,SCOTLAND,4,7.0,94.0,110.0,False,28830.20945326192
904,17471,3174770,False,1503.809080754653,ENGLAND,10,3.0,62.0,0.0,False,23303.469696411314
905,17493,3174990,False,2067.4844898935103,ENGLAND,10,6.0,74.0,0.0,False,30577.49487467173
906,17528,3175340,False,1691.0262274165716,ENGLAND,3,5.0,5.0,0.0,True,26968.970634803638
907,17557,3175630,False,2196.9375569259028,SCOTLAND,10,5.0,13.0,115.0,False,26513.157046609773
908,17585,3175910,False,1315.5799495161837,ENGLAND,5,5.0,95.0,78.0,False,46948.79958396802
909,17653,3176590,False,1691.0262274165716,ENGLAND,7,6.0,331.0,0.0,True,85047.21866383852
910,17674,3176800,False,1691.0262274165716,ENGLAND,1,8.0,18.0,114.0,False,83679.77789925692
911,17684,3176900,False,1315.5799495161837,SCOTLAND,7,4.0,26.0,0.0,False,10692.6270897144
912,17685,3176910,False,1503.809080754653,ENGLAND,1,6.0,95.0,0.0,False,26760.05607354812
913,17701,3177070,False,2170.544999169455,ENGLAND,7,6.0,122.0,0.0,False,23265.485230728493
914,17705,3177110,False,1691.0262274165716,NI,1,4.0,50.0,0.0,False,23778.27551744659
915,17730,3177360,False,2067.4844898935103,NI,9,4.0,148.0,0.0,False,24993.778419296894
916,17736,3177420,False,1315.5799495161837,ENGLAND,1,5.0,8.0,209.0,False,32400.749227447188
917,17745,3177510,False,1315.5799495161837,ENGLAND,1,3.0,102.0,0.0,False,21841.067767622666
918,17763,3177690,False,1503.809080754653,ENGLAND,6,5.0,243.0,0.0,False,12496.889209648447
919,17773,3177790,False,1315.5799495161837,ENGLAND,0,5.0,83.0,75.0,False,24936.80172077266
920,17781,3177870,False,1691.0262274165716,NI,9,6.0,43.0,73.0,True,23740.29105176377
921,17791,3177970,False,1127.3508182777143,ENGLAND,2,10.0,85.0,0.0,True,36844.93171233737
922,17829,3178350,False,1735.958342615432,NI,10,3.0,196.0,0.0,False,13484.485317401819
923,17839,3178450,False,1127.3508182777143,SCOTLAND,5,3.0,119.0,0.0,False,29399.976438504247
924,17849,3178550,False,0.0,NI,7,5.0,10.0,0.0,False,40320.51032231558
925,17854,3178600,False,1315.5799495161837,ENGLAND,1,4.0,15.0,0.0,False,24575.94929678585
926,17868,3178740,False,1366.1791783437293,ENGLAND,6,6.0,43.0,43.0,False,5659.685386740482
927,17870,3178760,False,1503.809080754653,ENGLAND,4,5.0,36.0,0.0,False,18365.48915764445
928,17907,3179130,False,1127.3508182777143,ENGLAND,1,4.0,50.0,92.0,False,21062.386221124812
929,17917,3179230,False,1691.0262274165716,ENGLAND,6,5.0,94.0,161.0,False,39465.85984445208
930,17918,3179240,False,1902.5310039157118,WALES,8,4.0,15.0,0.0,False,31033.308462865596
931,17935,3179410,False,1128.494360849217,ENGLAND,5,5.0,6.0,161.0,True,25544.55317169781
932,17952,3179580,False,1700.1340886055298,ENGLAND,1,5.0,10.0,161.0,True,39427.87537876926
933,17972,3179780,False,1619.175322481457,ENGLAND,10,5.0,121.0,0.0,False,37566.63656031098
934,17982,3179880,False,1503.809080754653,ENGLAND,10,5.0,19.0,0.0,False,32913.539514165284
935,17983,3179890,False,1315.5799495161837,SCOTLAND,6,5.0,75.0,0.0,False,24082.151242909164
936,17984,3179900,False,1366.1791783437293,SCOTLAND,2,5.0,120.0,0.0,True,9021.31059967023
937,18001,3180070,False,1503.809080754653,ENGLAND,10,5.0,6.0,0.0,False,26646.102676499653
938,18004,3180100,False,2819.389030270837,ENGLAND,1,4.0,12.0,0.0,False,21803.08330193984
939,18014,3180200,False,0.0,NI,8,5.0,12.0,0.0,False,32913.539514165284
940,18040,3180460,False,50.59922882754553,ENGLAND,10,6.0,15.0,0.0,False,21214.324083856103
941,18050,3180560,False,1691.0262274165716,SCOTLAND,1,5.0,80.0,0.0,True,27101.916264693515
942,18058,3180640,False,1691.0262274165716,ENGLAND,8,8.0,55.0,196.0,False,33502.29873224903
943,18106,3181120,False,1503.809080754653,ENGLAND,10,7.0,125.0,0.0,False,21746.10660341561
944,18126,3181320,False,1503.809080754653,ENGLAND,10,5.0,26.0,55.0,False,12496.889209648447
945,18184,3181900,False,1285.2204122196565,SCOTLAND,4,7.0,191.0,86.0,False,57223.597551171384
946,18228,3182340,False,1127.3508182777143,NI,11,7.0,98.0,127.0,True,26057.34345841591
947,18257,3182630,False,1315.5799495161837,SCOTLAND,11,7.0,91.0,0.0,False,29077.108480200262
948,18264,3182700,False,1315.5799495161837,ENGLAND,6,6.0,74.0,0.0,False,24367.03473553033
949,18307,3183130,False,2819.389030270837,ENGLAND,10,5.0,8.0,0.0,False,22296.88135581653
950,18333,3183390,False,1127.3508182777143,ENGLAND,11,6.0,61.0,0.0,False,16618.20373623464
951,18359,3183650,False,0.0,ENGLAND,10,6.0,199.0,0.0,False,9230.225160925753
952,18361,3183670,False,0.0,ENGLAND,10,7.0,114.0,0.0,False,26874.009470596582
953,18397,3184030,False,1315.5799495161837,ENGLAND,3,7.0,9.0,87.0,False,21480.215343635857
954,18419,3184250,False,0.0,ENGLAND,2,7.0,116.0,0.0,False,32001.912337777558
955,18426,3184320,False,0.0,ENGLAND,6,5.0,105.0,0.0,False,4292.244622158889
956,18428,3184340,False,1503.809080754653,NI,2,5.0,9.0,0.0,False,43131.360782844415
957,18457,3184630,False,1127.3508182777143,SCOTLAND,11,4.0,139.0,114.0,True,49474.76655187569
958,18460,3184660,False,1127.3508182777143,SCOTLAND,3,5.0,129.0,95.0,False,4254.260156476067
959,18464,3184700,False,0.0,ENGLAND,6,2.0,10.0,144.0,False,25126.72404918677
960,18470,3184760,False,1127.3508182777143,ENGLAND,7,5.0,53.0,137.0,True,10540.689226983113
961,18518,3185240,False,1691.0262274165716,ENGLAND,2,4.0,143.0,0.0,False,27557.72985288738
962,18550,3185560,False,1503.809080754653,NI,2,5.0,6.0,0.0,False,32704.624952909766
963,18583,3185890,False,2442.930767793898,ENGLAND,10,5.0,148.0,0.0,False,25544.55317169781
964,18596,3186020,False,2442.930767793898,ENGLAND,10,9.0,3.0,322.0,False,30634.471573195966
965,18629,3186350,False,0.0,ENGLAND,10,9.0,96.0,0.0,False,26019.358992733087
966,18632,3186380,False,0.0,ENGLAND,11,4.0,43.0,0.0,True,31546.098749583693
967,18690,3186960,False,2067.4844898935103,NI,1,6.0,48.0,95.0,False,7539.916438040173
968,18691,3186970,False,1503.809080754653,ENGLAND,7,9.0,26.0,0.0,False,47138.721912382134
969,18694,3187000,False,1460.060987510357,ENGLAND,10,9.0,13.0,0.0,False,25563.545404539225
970,18722,3187280,False,1691.0262274165716,ENGLAND,0,8.0,177.0,0.0,False,25791.452198636158
971,18726,3187320,False,1127.3508182777143,ENGLAND,2,4.0,96.0,0.0,False,4216.275690793245
972,18731,3187370,False,1315.5799495161837,ENGLAND,3,4.0,10.0,0.0,False,23322.461929252724
973,18751,3187570,False,2067.4844898935103,ENGLAND,6,4.0,153.0,176.0,True,21993.005630353953
974,18755,3187610,False,1503.809080754653,ENGLAND,2,3.0,328.0,91.0,False,22619.749314120516
975,18773,3187790,False,72.86288951166556,ENGLAND,5,6.0,18.0,66.0,False,4216.275690793245
976,18787,3187930,False,0.0,ENGLAND,6,4.0,91.0,75.0,False,26190.289088305788
977,18789,3187950,False,1127.3508182777143,SCOTLAND,7,5.0,77.0,0.0,False,23721.298818922354
978,18795,3188010,False,1126.5918298453012,ENGLAND,3,6.0,81.0,242.0,True,44080.97242491496
979,18806,3188120,False,2442.930767793898,ENGLAND,10,4.0,353.0,0.0,False,31698.03661231498
980,18808,3188140,False,2067.4844898935103,SCOTLAND,5,6.0,90.0,0.0,False,22885.64057390027
981,18820,3188260,False,0.0,ENGLAND,5,7.0,124.0,0.0,True,27367.80752447327
982,18828,3188340,False,146.73776359988204,ENGLAND,10,4.0,12.0,132.0,False,29077.108480200262
983,18859,3188650,False,1254.8608749231291,ENGLAND,3,4.0,36.0,160.0,False,28982.147315993207
984,18881,3188870,False,1691.0262274165716,ENGLAND,4,5.0,54.0,89.0,False,31147.261859914062
985,18886,3188920,False,221.31090704591864,ENGLAND,4,4.0,95.0,0.0,True,34470.90260716099
986,18892,3188980,False,2668.3604520663794,ENGLAND,7,4.0,174.0,0.0,False,12990.687263525133
987,18898,3189040,False,2067.4844898935103,NI,2,6.0,12.0,0.0,False,14244.17463105826
988,18939,3189450,False,1007.8455596328173,ENGLAND,0,5.0,123.0,0.0,True,55153.44417145758
989,18975,3189810,False,0.0,ENGLAND,10,3.0,17.0,0.0,True,34983.69289387909
990,19005,3190110,False,1523.7755364500026,ENGLAND,2,7.0,55.0,0.0,False,45619.343285069255
991,19008,3190140,False,1503.809080754653,ENGLAND,3,5.0,24.0,0.0,False,23664.322120398123
992,19040,3190460,False,804.5378582037393,ENGLAND,9,4.0,15.0,0.0,True,31242.22302412112
993,19041,3190470,False,2442.930767793898,ENGLAND,5,5.0,26.0,0.0,True,4254.260156476067
994,19048,3190540,False,1315.5799495161837,NI,7,5.0,22.0,0.0,False,20074.79011337144
995,19053,3190590,False,0.0,WALES,11,2.0,57.0,0.0,False,4254.260156476067
996,19055,3190610,False,1959.100941744908,WALES,2,6.0,7.0,0.0,False,29001.139548834617
997,19078,3190850,False,2442.930767793898,ENGLAND,3,5.0,5.0,69.0,False,35591.44434480424
998,19108,3191150,False,1127.3508182777143,SCOTLAND,5,6.0,201.0,0.0,False,24196.10463995763
999,19165,3191720,False,2307.324834536076,ENGLAND,1,4.0,74.0,0.0,True,7274.025178260418
